2026-09-05T18:36:00Z Trial 1/500: maximal
2026-09-05T18:36:07Z A generation 10: F=0.048046
2026-09-05T18:36:14Z A generation 20: F=0.069220
2026-09-05T18:36:20Z A generation 30: F=0.083972
2026-09-05T18:36:27Z A generation 40: F=0.090951
2026-09-05T18:36:34Z A generation 50: F=0.090951
2026-09-05T18:36:41Z A generation 60: F=0.167099
2026-09-05T18:36:48Z A generation 70: F=0.167099
2026-09-05T18:36:55Z A generation 80: F=0.167099
2026-09-05T18:37:01Z A generation 90: F=0.167099
2026-09-05T18:37:08Z A generation 100: F=0.167099
2026-09-05T18:37:08Z A: gate1=3/100, selected=1
2026-09-05T18:37:21Z B: F=0.230999, gate2=False
2026-09-05T18:37:21Z Trial 2/500: maximal
2026-09-05T18:37:29Z A generation 10: F=0.031156
2026-09-05T18:37:36Z A generation 20: F=0.064189
2026-09-05T18:37:43Z A generation 30: F=0.081024
2026-09-05T18:37:50Z A generation 40: F=0.081024
2026-09-05T18:37:56Z A generation 50: F=0.081024
2026-09-05T18:38:03Z A generation 60: F=0.088744
2026-09-05T18:38:09Z A generation 70: F=0.088744
2026-09-05T18:38:15Z A generation 80: F=0.088744
2026-09-05T18:38:22Z A generation 90: F=0.088744
2026-09-05T18:38:28Z A generation 100: F=0.091252
2026-09-05T18:38:28Z A: gate1=0/100, selected=0
2026-09-05T18:38:28Z Trial 3/500: maximal
2026-09-05T18:38:35Z A generation 10: F=0.043526
2026-09-05T18:38:42Z A generation 20: F=0.046871
2026-09-05T18:38:48Z A generation 30: F=0.058169
2026-09-05T18:38:54Z A generation 40: F=0.086975
2026-09-05T18:39:00Z A generation 50: F=0.086975
2026-09-05T18:39:07Z A generation 60: F=0.086975
2026-09-05T18:39:13Z A generation 70: F=0.095637
2026-09-05T18:39:20Z A generation 80: F=0.095637
2026-09-05T18:39:26Z A generation 90: F=0.095637
2026-09-05T18:39:32Z A generation 100: F=0.095637
2026-09-05T18:39:32Z A: gate1=0/100, selected=0
2026-09-05T18:39:32Z Trial 4/500: maximal
2026-09-05T18:39:40Z A generation 10: F=0.045040
2026-09-05T18:39:46Z A generation 20: F=0.067236
2026-09-05T18:39:52Z A generation 30: F=0.067236
2026-09-05T18:39:59Z A generation 40: F=0.076001
2026-09-05T18:40:05Z A generation 50: F=0.087404
2026-09-05T18:40:11Z A generation 60: F=0.087404
2026-09-05T18:40:18Z A generation 70: F=0.098730
2026-09-05T18:40:24Z A generation 80: F=0.098730
2026-09-05T18:40:31Z A generation 90: F=0.098730
2026-09-05T18:40:37Z A generation 100: F=0.112634
2026-09-05T18:40:37Z A: gate1=0/100, selected=0
2026-09-05T18:40:37Z Trial 5/500: maximal
2026-09-05T18:40:44Z A generation 10: F=0.069563
2026-09-05T18:40:51Z A generation 20: F=0.072104
2026-09-05T18:40:57Z A generation 30: F=0.124475
2026-09-05T18:41:05Z A generation 40: F=0.152743
2026-09-05T18:41:11Z A generation 50: F=0.152743
2026-09-05T18:41:17Z A generation 60: F=0.152743
2026-09-05T18:41:24Z A generation 70: F=0.152743
2026-09-05T18:41:30Z A generation 80: F=0.152743
2026-09-05T18:41:37Z A generation 90: F=0.157611
2026-09-05T18:41:43Z A generation 100: F=0.178183
2026-09-05T18:41:43Z A: gate1=0/100, selected=0
2026-09-05T18:41:43Z Trial 6/500: maximal
2026-09-05T18:41:50Z A generation 10: F=0.051404
2026-09-05T18:41:56Z A generation 20: F=0.086500
2026-09-05T18:42:03Z A generation 30: F=0.086500
2026-09-05T18:42:09Z A generation 40: F=0.099514
2026-09-05T18:42:16Z A generation 50: F=0.099514
2026-09-05T18:42:22Z A generation 60: F=0.162036
2026-09-05T18:42:29Z A generation 70: F=0.162036
2026-09-05T18:42:36Z A generation 80: F=0.163729
2026-09-05T18:42:42Z A generation 90: F=0.163729
2026-09-05T18:42:49Z A generation 100: F=0.163729
2026-09-05T18:42:49Z A: gate1=0/100, selected=0
2026-09-05T18:42:49Z Trial 7/500: maximal
2026-09-05T18:42:56Z A generation 10: F=0.046877
2026-09-05T18:43:02Z A generation 20: F=0.057010
2026-09-05T18:43:09Z A generation 30: F=0.098048
2026-09-05T18:43:15Z A generation 40: F=0.098460
2026-09-05T18:43:22Z A generation 50: F=0.126348
2026-09-05T18:43:28Z A generation 60: F=0.126348
2026-09-05T18:43:34Z A generation 70: F=0.128107
2026-09-05T18:43:41Z A generation 80: F=0.128107
2026-09-05T18:43:47Z A generation 90: F=0.128107
2026-09-05T18:43:53Z A generation 100: F=0.172503
2026-09-05T18:43:53Z A: gate1=0/100, selected=0
2026-09-05T18:43:53Z Trial 8/500: maximal
2026-09-05T18:44:00Z A generation 10: F=0.040663
2026-09-05T18:44:07Z A generation 20: F=0.077149
2026-09-05T18:44:13Z A generation 30: F=0.077149
2026-09-05T18:44:20Z A generation 40: F=0.077149
2026-09-05T18:44:26Z A generation 50: F=0.092060
2026-09-05T18:44:33Z A generation 60: F=0.092060
2026-09-05T18:44:39Z A generation 70: F=0.144683
2026-09-05T18:44:46Z A generation 80: F=0.144683
2026-09-05T18:44:52Z A generation 90: F=0.152289
2026-09-05T18:44:59Z A generation 100: F=0.152289
2026-09-05T18:44:59Z A: gate1=0/100, selected=0
2026-09-05T18:44:59Z Trial 9/500: maximal
2026-09-05T18:45:06Z A generation 10: F=0.053046
2026-09-05T18:45:12Z A generation 20: F=0.072463
2026-09-05T18:45:19Z A generation 30: F=0.087385
2026-09-05T18:45:25Z A generation 40: F=0.091925
2026-09-05T18:45:32Z A generation 50: F=0.141897
2026-09-05T18:45:38Z A generation 60: F=0.141897
2026-09-05T18:45:45Z A generation 70: F=0.248037
2026-09-05T18:45:51Z A generation 80: F=0.248037
2026-09-05T18:45:57Z A generation 90: F=0.248037
2026-09-05T18:46:04Z A generation 100: F=0.248037
2026-09-05T18:46:04Z A: gate1=0/100, selected=0
2026-09-05T18:46:04Z Trial 10/500: maximal
2026-09-05T18:46:11Z A generation 10: F=0.045394
2026-09-05T18:46:17Z A generation 20: F=0.069336
2026-09-05T18:46:24Z A generation 30: F=0.113338
2026-09-05T18:46:30Z A generation 40: F=0.113338
2026-09-05T18:46:37Z A generation 50: F=0.113338
2026-09-05T18:46:43Z A generation 60: F=0.113338
2026-09-05T18:46:49Z A generation 70: F=0.151441
2026-09-05T18:46:56Z A generation 80: F=0.151441
2026-09-05T18:47:02Z A generation 90: F=0.151441
2026-09-05T18:47:08Z A generation 100: F=0.177096
2026-09-05T18:47:08Z A: gate1=0/100, selected=0
2026-09-05T18:47:08Z Trial 11/500: maximal
2026-09-05T18:47:16Z A generation 10: F=0.052459
2026-09-05T18:47:22Z A generation 20: F=0.082725
2026-09-05T18:47:28Z A generation 30: F=0.085969
2026-09-05T18:47:35Z A generation 40: F=0.085969
2026-09-05T18:47:41Z A generation 50: F=0.137152
2026-09-05T18:47:47Z A generation 60: F=0.137152
2026-09-05T18:47:54Z A generation 70: F=0.137152
2026-09-05T18:48:00Z A generation 80: F=0.137152
2026-09-05T18:48:06Z A generation 90: F=0.137152
2026-09-05T18:48:13Z A generation 100: F=0.137152
2026-09-05T18:48:13Z A: gate1=0/100, selected=0
2026-09-05T18:48:13Z Trial 12/500: maximal
2026-09-05T18:48:20Z A generation 10: F=0.033858
2026-09-05T18:48:26Z A generation 20: F=0.039677
2026-09-05T18:48:33Z A generation 30: F=0.077947
2026-09-05T18:48:40Z A generation 40: F=0.077947
2026-09-05T18:48:46Z A generation 50: F=0.077947
2026-09-05T18:48:53Z A generation 60: F=0.077947
2026-09-05T18:48:59Z A generation 70: F=0.093224
2026-09-05T18:49:06Z A generation 80: F=0.093224
2026-09-05T18:49:12Z A generation 90: F=0.118892
2026-09-05T18:49:19Z A generation 100: F=0.135913
2026-09-05T18:49:19Z A: gate1=0/100, selected=0
2026-09-05T18:49:19Z Trial 13/500: maximal
2026-09-05T18:49:26Z A generation 10: F=0.040379
2026-09-05T18:49:33Z A generation 20: F=0.052645
2026-09-05T18:49:39Z A generation 30: F=0.055644
2026-09-05T18:49:46Z A generation 40: F=0.076438
2026-09-05T18:49:52Z A generation 50: F=0.076438
2026-09-05T18:49:59Z A generation 60: F=0.102848
2026-09-05T18:50:05Z A generation 70: F=0.155999
2026-09-05T18:50:12Z A generation 80: F=0.155999
2026-09-05T18:50:19Z A generation 90: F=0.196772
2026-09-05T18:50:25Z A generation 100: F=0.196772
2026-09-05T18:50:25Z A: gate1=0/100, selected=0
2026-09-05T18:50:25Z Trial 14/500: maximal
2026-09-05T18:50:33Z A generation 10: F=0.046364
2026-09-05T18:50:39Z A generation 20: F=0.079994
2026-09-05T18:50:46Z A generation 30: F=0.079994
2026-09-05T18:50:52Z A generation 40: F=0.082487
2026-09-05T18:50:58Z A generation 50: F=0.082487
2026-09-05T18:51:05Z A generation 60: F=0.154459
2026-09-05T18:51:11Z A generation 70: F=0.154459
2026-09-05T18:51:18Z A generation 80: F=0.154459
2026-09-05T18:51:24Z A generation 90: F=0.171157
2026-09-05T18:51:31Z A generation 100: F=0.171157
2026-09-05T18:51:31Z A: gate1=0/100, selected=0
2026-09-05T18:51:31Z Trial 15/500: maximal
2026-09-05T18:51:38Z A generation 10: F=0.060269
2026-09-05T18:51:45Z A generation 20: F=0.075022
2026-09-05T18:51:51Z A generation 30: F=0.113538
2026-09-05T18:51:57Z A generation 40: F=0.156888
2026-09-05T18:52:04Z A generation 50: F=0.156888
2026-09-05T18:52:11Z A generation 60: F=0.156888
2026-09-05T18:52:17Z A generation 70: F=0.156888
2026-09-05T18:52:24Z A generation 80: F=0.156888
2026-09-05T18:52:30Z A generation 90: F=0.156888
2026-09-05T18:52:37Z A generation 100: F=0.156888
2026-09-05T18:52:37Z A: gate1=0/100, selected=0
2026-09-05T18:52:37Z Trial 16/500: maximal
2026-09-05T18:52:44Z A generation 10: F=0.046712
2026-09-05T18:52:51Z A generation 20: F=0.128515
2026-09-05T18:52:57Z A generation 30: F=0.128515
2026-09-05T18:53:04Z A generation 40: F=0.134777
2026-09-05T18:53:10Z A generation 50: F=0.134777
2026-09-05T18:53:17Z A generation 60: F=0.153413
2026-09-05T18:53:23Z A generation 70: F=0.153413
2026-09-05T18:53:30Z A generation 80: F=0.191885
2026-09-05T18:53:37Z A generation 90: F=0.215046
2026-09-05T18:53:43Z A generation 100: F=0.279635
2026-09-05T18:53:43Z A: gate1=0/100, selected=0
2026-09-05T18:53:43Z Trial 17/500: maximal
2026-09-05T18:53:50Z A generation 10: F=0.069995
2026-09-05T18:53:57Z A generation 20: F=0.097482
2026-09-05T18:54:03Z A generation 30: F=0.097482
2026-09-05T18:54:09Z A generation 40: F=0.097482
2026-09-05T18:54:15Z A generation 50: F=0.137078
2026-09-05T18:54:22Z A generation 60: F=0.276209
2026-09-05T18:54:28Z A generation 70: F=0.276209
2026-09-05T18:54:35Z A generation 80: F=0.276209
2026-09-05T18:54:41Z A generation 90: F=0.276209
2026-09-05T18:54:48Z A generation 100: F=0.276209
2026-09-05T18:54:48Z A: gate1=2/100, selected=1
2026-09-05T18:55:01Z B: F=0.329726, gate2=False
2026-09-05T18:55:01Z Trial 18/500: maximal
2026-09-05T18:55:09Z A generation 10: F=0.045257
2026-09-05T18:55:15Z A generation 20: F=0.062398
2026-09-05T18:55:21Z A generation 30: F=0.083930
2026-09-05T18:55:28Z A generation 40: F=0.083930
2026-09-05T18:55:34Z A generation 50: F=0.109796
2026-09-05T18:55:40Z A generation 60: F=0.109796
2026-09-05T18:55:47Z A generation 70: F=0.109796
2026-09-05T18:55:53Z A generation 80: F=0.109796
2026-09-05T18:55:59Z A generation 90: F=0.109796
2026-09-05T18:56:06Z A generation 100: F=0.109796
2026-09-05T18:56:06Z A: gate1=0/100, selected=0
2026-09-05T18:56:06Z Trial 19/500: maximal
2026-09-05T18:56:13Z A generation 10: F=0.040122
2026-09-05T18:56:19Z A generation 20: F=0.083276
2026-09-05T18:56:26Z A generation 30: F=0.083276
2026-09-05T18:56:32Z A generation 40: F=0.083276
2026-09-05T18:56:39Z A generation 50: F=0.083276
2026-09-05T18:56:45Z A generation 60: F=0.106456
2026-09-05T18:56:52Z A generation 70: F=0.106456
2026-09-05T18:56:58Z A generation 80: F=0.106456
2026-09-05T18:57:04Z A generation 90: F=0.147527
2026-09-05T18:57:10Z A generation 100: F=0.147527
2026-09-05T18:57:10Z A: gate1=0/100, selected=0
2026-09-05T18:57:10Z Trial 20/500: maximal
2026-09-05T18:57:18Z A generation 10: F=0.039480
2026-09-05T18:57:24Z A generation 20: F=0.050409
2026-09-05T18:57:31Z A generation 30: F=0.130262
2026-09-05T18:57:37Z A generation 40: F=0.130262
2026-09-05T18:57:43Z A generation 50: F=0.130262
2026-09-05T18:57:50Z A generation 60: F=0.179550
2026-09-05T18:57:56Z A generation 70: F=0.179550
2026-09-05T18:58:03Z A generation 80: F=0.179550
2026-09-05T18:58:09Z A generation 90: F=0.179550
2026-09-05T18:58:16Z A generation 100: F=0.179550
2026-09-05T18:58:16Z A: gate1=0/100, selected=0
2026-09-05T18:58:16Z Trial 21/500: maximal
2026-09-05T18:58:23Z A generation 10: F=0.057536
2026-09-05T18:58:30Z A generation 20: F=0.057536
2026-09-05T18:58:36Z A generation 30: F=0.097515
2026-09-05T18:58:43Z A generation 40: F=0.109295
2026-09-05T18:58:49Z A generation 50: F=0.109295
2026-09-05T18:58:56Z A generation 60: F=0.193775
2026-09-05T18:59:03Z A generation 70: F=0.193775
2026-09-05T18:59:09Z A generation 80: F=0.193775
2026-09-05T18:59:16Z A generation 90: F=0.193775
2026-09-05T18:59:22Z A generation 100: F=0.193775
2026-09-05T18:59:22Z A: gate1=0/100, selected=0
2026-09-05T18:59:22Z Trial 22/500: maximal
2026-09-05T18:59:29Z A generation 10: F=0.055132
2026-09-05T18:59:36Z A generation 20: F=0.063244
2026-09-05T18:59:42Z A generation 30: F=0.063244
2026-09-05T18:59:48Z A generation 40: F=0.066316
2026-09-05T18:59:55Z A generation 50: F=0.068821
2026-09-05T19:00:01Z A generation 60: F=0.099691
2026-09-05T19:00:07Z A generation 70: F=0.148532
2026-09-05T19:00:14Z A generation 80: F=0.148532
2026-09-05T19:00:20Z A generation 90: F=0.149122
2026-09-05T19:00:27Z A generation 100: F=0.219670
2026-09-05T19:00:27Z A: gate1=0/100, selected=0
2026-09-05T19:00:27Z Trial 23/500: maximal
2026-09-05T19:00:34Z A generation 10: F=0.044243
2026-09-05T19:00:40Z A generation 20: F=0.065491
2026-09-05T19:00:47Z A generation 30: F=0.162133
2026-09-05T19:00:53Z A generation 40: F=0.162133
2026-09-05T19:01:00Z A generation 50: F=0.162133
2026-09-05T19:01:06Z A generation 60: F=0.162133
2026-09-05T19:01:13Z A generation 70: F=0.162133
2026-09-05T19:01:19Z A generation 80: F=0.162133
2026-09-05T19:01:26Z A generation 90: F=0.162133
2026-09-05T19:01:32Z A generation 100: F=0.162133
2026-09-05T19:01:32Z A: gate1=0/100, selected=0
2026-09-05T19:01:32Z Trial 24/500: maximal
2026-09-05T19:01:39Z A generation 10: F=0.043120
2026-09-05T19:01:46Z A generation 20: F=0.080850
2026-09-05T19:01:52Z A generation 30: F=0.080850
2026-09-05T19:01:59Z A generation 40: F=0.080850
2026-09-05T19:02:05Z A generation 50: F=0.080850
2026-09-05T19:02:11Z A generation 60: F=0.082099
2026-09-05T19:02:18Z A generation 70: F=0.166157
2026-09-05T19:02:24Z A generation 80: F=0.166157
2026-09-05T19:02:31Z A generation 90: F=0.277133
2026-09-05T19:02:37Z A generation 100: F=0.277133
2026-09-05T19:02:37Z A: gate1=2/100, selected=1
2026-09-05T19:02:51Z B: F=0.343789, gate2=False
2026-09-05T19:02:51Z Trial 25/500: maximal
2026-09-05T19:02:58Z A generation 10: F=0.052660
2026-09-05T19:03:05Z A generation 20: F=0.101428
2026-09-05T19:03:11Z A generation 30: F=0.101428
2026-09-05T19:03:17Z A generation 40: F=0.101428
2026-09-05T19:03:23Z A generation 50: F=0.101428
2026-09-05T19:03:30Z A generation 60: F=0.134448
2026-09-05T19:03:36Z A generation 70: F=0.134448
2026-09-05T19:03:43Z A generation 80: F=0.134448
2026-09-05T19:03:49Z A generation 90: F=0.134448
2026-09-05T19:03:56Z A generation 100: F=0.134448
2026-09-05T19:03:56Z A: gate1=0/100, selected=0
2026-09-05T19:03:56Z Trial 26/500: maximal
2026-09-05T19:04:03Z A generation 10: F=0.059792
2026-09-05T19:04:09Z A generation 20: F=0.075115
2026-09-05T19:04:15Z A generation 30: F=0.118220
2026-09-05T19:04:22Z A generation 40: F=0.118220
2026-09-05T19:04:28Z A generation 50: F=0.118220
2026-09-05T19:04:35Z A generation 60: F=0.118220
2026-09-05T19:04:41Z A generation 70: F=0.118220
2026-09-05T19:04:47Z A generation 80: F=0.148678
2026-09-05T19:04:54Z A generation 90: F=0.148678
2026-09-05T19:05:01Z A generation 100: F=0.148678
2026-09-05T19:05:01Z A: gate1=0/100, selected=0
2026-09-05T19:05:01Z Trial 27/500: maximal
2026-09-05T19:05:08Z A generation 10: F=0.044386
2026-09-05T19:05:14Z A generation 20: F=0.054581
2026-09-05T19:05:20Z A generation 30: F=0.054585
2026-09-05T19:05:27Z A generation 40: F=0.054978
2026-09-05T19:05:33Z A generation 50: F=0.054978
2026-09-05T19:05:39Z A generation 60: F=0.111110
2026-09-05T19:05:46Z A generation 70: F=0.111110
2026-09-05T19:05:53Z A generation 80: F=0.111110
2026-09-05T19:05:59Z A generation 90: F=0.111110
2026-09-05T19:06:05Z A generation 100: F=0.125387
2026-09-05T19:06:05Z A: gate1=0/100, selected=0
2026-09-05T19:06:05Z Trial 28/500: maximal
2026-09-05T19:06:13Z A generation 10: F=0.054983
2026-09-05T19:06:19Z A generation 20: F=0.082886
2026-09-05T19:06:25Z A generation 30: F=0.154047
2026-09-05T19:06:32Z A generation 40: F=0.154047
2026-09-05T19:06:38Z A generation 50: F=0.154047
2026-09-05T19:06:45Z A generation 60: F=0.154047
2026-09-05T19:06:51Z A generation 70: F=0.154047
2026-09-05T19:06:57Z A generation 80: F=0.154047
2026-09-05T19:07:04Z A generation 90: F=0.154047
2026-09-05T19:07:10Z A generation 100: F=0.154047
2026-09-05T19:07:10Z A: gate1=0/100, selected=0
2026-09-05T19:07:10Z Trial 29/500: maximal
2026-09-05T19:07:17Z A generation 10: F=0.045928
2026-09-05T19:07:24Z A generation 20: F=0.073987
2026-09-05T19:07:30Z A generation 30: F=0.155149
2026-09-05T19:07:36Z A generation 40: F=0.155149
2026-09-05T19:07:43Z A generation 50: F=0.155149
2026-09-05T19:07:50Z A generation 60: F=0.155149
2026-09-05T19:07:56Z A generation 70: F=0.155149
2026-09-05T19:08:03Z A generation 80: F=0.195889
2026-09-05T19:08:09Z A generation 90: F=0.195889
2026-09-05T19:08:15Z A generation 100: F=0.195889
2026-09-05T19:08:15Z A: gate1=0/100, selected=0
2026-09-05T19:08:15Z Trial 30/500: maximal
2026-09-05T19:08:23Z A generation 10: F=0.042376
2026-09-05T19:08:29Z A generation 20: F=0.042376
2026-09-05T19:08:36Z A generation 30: F=0.111871
2026-09-05T19:08:42Z A generation 40: F=0.111871
2026-09-05T19:08:49Z A generation 50: F=0.116991
2026-09-05T19:08:55Z A generation 60: F=0.116991
2026-09-05T19:09:02Z A generation 70: F=0.116991
2026-09-05T19:09:09Z A generation 80: F=0.116991
2026-09-05T19:09:15Z A generation 90: F=0.116991
2026-09-05T19:09:22Z A generation 100: F=0.116991
2026-09-05T19:09:22Z A: gate1=0/100, selected=0
2026-09-05T19:09:22Z Trial 31/500: maximal
2026-09-05T19:09:29Z A generation 10: F=0.054868
2026-09-05T19:09:35Z A generation 20: F=0.059389
2026-09-05T19:09:41Z A generation 30: F=0.139469
2026-09-05T19:09:48Z A generation 40: F=0.139469
2026-09-05T19:09:54Z A generation 50: F=0.139469
2026-09-05T19:10:00Z A generation 60: F=0.139469
2026-09-05T19:10:07Z A generation 70: F=0.162632
2026-09-05T19:10:13Z A generation 80: F=0.162632
2026-09-05T19:10:20Z A generation 90: F=0.162632
2026-09-05T19:10:26Z A generation 100: F=0.162632
2026-09-05T19:10:26Z A: gate1=0/100, selected=0
2026-09-05T19:10:26Z Trial 32/500: maximal
2026-09-05T19:10:33Z A generation 10: F=0.045557
2026-09-05T19:10:41Z A generation 20: F=0.198202
2026-09-05T19:10:48Z A generation 30: F=0.198202
2026-09-05T19:10:54Z A generation 40: F=0.198202
2026-09-05T19:11:01Z A generation 50: F=0.210309
2026-09-05T19:11:08Z A generation 60: F=0.210309
2026-09-05T19:11:14Z A generation 70: F=0.228979
2026-09-05T19:11:21Z A generation 80: F=0.228979
2026-09-05T19:11:27Z A generation 90: F=0.228979
2026-09-05T19:11:34Z A generation 100: F=0.228979
2026-09-05T19:11:34Z A: gate1=0/100, selected=0
2026-09-05T19:11:34Z Trial 33/500: maximal
2026-09-05T19:11:41Z A generation 10: F=0.059597
2026-09-05T19:11:48Z A generation 20: F=0.079932
2026-09-05T19:11:54Z A generation 30: F=0.080997
2026-09-05T19:12:01Z A generation 40: F=0.080997
2026-09-05T19:12:07Z A generation 50: F=0.245212
2026-09-05T19:12:14Z A generation 60: F=0.245212
2026-09-05T19:12:20Z A generation 70: F=0.245212
2026-09-05T19:12:27Z A generation 80: F=0.245212
2026-09-05T19:12:34Z A generation 90: F=0.245212
2026-09-05T19:12:41Z A generation 100: F=0.386380
2026-09-05T19:12:41Z A: gate1=0/100, selected=0
2026-09-05T19:12:41Z Trial 34/500: maximal
2026-09-05T19:12:48Z A generation 10: F=0.049597
2026-09-05T19:12:54Z A generation 20: F=0.055451
2026-09-05T19:13:01Z A generation 30: F=0.055451
2026-09-05T19:13:07Z A generation 40: F=0.079505
2026-09-05T19:13:14Z A generation 50: F=0.099023
2026-09-05T19:13:20Z A generation 60: F=0.118745
2026-09-05T19:13:27Z A generation 70: F=0.142345
2026-09-05T19:13:33Z A generation 80: F=0.142345
2026-09-05T19:13:40Z A generation 90: F=0.170141
2026-09-05T19:13:46Z A generation 100: F=0.170141
2026-09-05T19:13:46Z A: gate1=0/100, selected=0
2026-09-05T19:13:46Z Trial 35/500: maximal
2026-09-05T19:13:53Z A generation 10: F=0.049827
2026-09-05T19:14:00Z A generation 20: F=0.056852
2026-09-05T19:14:06Z A generation 30: F=0.058980
2026-09-05T19:14:13Z A generation 40: F=0.065599
2026-09-05T19:14:19Z A generation 50: F=0.065599
2026-09-05T19:14:26Z A generation 60: F=0.088855
2026-09-05T19:14:32Z A generation 70: F=0.088855
2026-09-05T19:14:39Z A generation 80: F=0.088855
2026-09-05T19:14:45Z A generation 90: F=0.129979
2026-09-05T19:14:52Z A generation 100: F=0.146711
2026-09-05T19:14:52Z A: gate1=0/100, selected=0
2026-09-05T19:14:52Z Trial 36/500: maximal
2026-09-05T19:14:59Z A generation 10: F=0.057549
2026-09-05T19:15:06Z A generation 20: F=0.080092
2026-09-05T19:15:12Z A generation 30: F=0.125724
2026-09-05T19:15:19Z A generation 40: F=0.173650
2026-09-05T19:15:26Z A generation 50: F=0.242267
2026-09-05T19:15:32Z A generation 60: F=0.418549
2026-09-05T19:15:39Z A generation 70: F=0.496179
2026-09-05T19:15:45Z A generation 80: F=0.496179
2026-09-05T19:15:52Z A generation 90: F=0.496179
2026-09-05T19:15:58Z A generation 100: F=0.496179
2026-09-05T19:15:58Z A: gate1=0/100, selected=0
2026-09-05T19:15:58Z Trial 37/500: maximal
2026-09-05T19:16:05Z A generation 10: F=0.070276
2026-09-05T19:16:12Z A generation 20: F=0.076147
2026-09-05T19:16:19Z A generation 30: F=0.076147
2026-09-05T19:16:25Z A generation 40: F=0.077618
2026-09-05T19:16:32Z A generation 50: F=0.077618
2026-09-05T19:16:38Z A generation 60: F=0.106988
2026-09-05T19:16:45Z A generation 70: F=0.216400
2026-09-05T19:16:51Z A generation 80: F=0.216400
2026-09-05T19:16:58Z A generation 90: F=0.331992
2026-09-05T19:17:05Z A generation 100: F=0.331992
2026-09-05T19:17:05Z A: gate1=0/100, selected=0
2026-09-05T19:17:05Z Trial 38/500: maximal
2026-09-05T19:17:12Z A generation 10: F=0.042982
2026-09-05T19:17:18Z A generation 20: F=0.068220
2026-09-05T19:17:24Z A generation 30: F=0.068220
2026-09-05T19:17:30Z A generation 40: F=0.105093
2026-09-05T19:17:37Z A generation 50: F=0.146995
2026-09-05T19:17:43Z A generation 60: F=0.146995
2026-09-05T19:17:49Z A generation 70: F=0.146995
2026-09-05T19:17:56Z A generation 80: F=0.146995
2026-09-05T19:18:02Z A generation 90: F=0.146995
2026-09-05T19:18:08Z A generation 100: F=0.146995
2026-09-05T19:18:08Z A: gate1=0/100, selected=0
2026-09-05T19:18:08Z Trial 39/500: maximal
2026-09-05T19:18:15Z A generation 10: F=0.049229
2026-09-05T19:18:22Z A generation 20: F=0.096306
2026-09-05T19:18:28Z A generation 30: F=0.096306
2026-09-05T19:18:35Z A generation 40: F=0.096306
2026-09-05T19:18:41Z A generation 50: F=0.096306
2026-09-05T19:18:48Z A generation 60: F=0.096306
2026-09-05T19:18:54Z A generation 70: F=0.118568
2026-09-05T19:19:01Z A generation 80: F=0.118568
2026-09-05T19:19:07Z A generation 90: F=0.118568
2026-09-05T19:19:13Z A generation 100: F=0.123354
2026-09-05T19:19:13Z A: gate1=0/100, selected=0
2026-09-05T19:19:13Z Trial 40/500: maximal
2026-09-05T19:19:21Z A generation 10: F=0.029775
2026-09-05T19:19:27Z A generation 20: F=0.082022
2026-09-05T19:19:33Z A generation 30: F=0.082022
2026-09-05T19:19:40Z A generation 40: F=0.131956
2026-09-05T19:19:46Z A generation 50: F=0.131956
2026-09-05T19:19:53Z A generation 60: F=0.131956
2026-09-05T19:19:59Z A generation 70: F=0.131956
2026-09-05T19:20:06Z A generation 80: F=0.131956
2026-09-05T19:20:12Z A generation 90: F=0.139067
2026-09-05T19:20:19Z A generation 100: F=0.139067
2026-09-05T19:20:19Z A: gate1=0/100, selected=0
2026-09-05T19:20:19Z Trial 41/500: maximal
2026-09-05T19:20:26Z A generation 10: F=0.050851
2026-09-05T19:20:32Z A generation 20: F=0.082129
2026-09-05T19:20:39Z A generation 30: F=0.118056
2026-09-05T19:20:45Z A generation 40: F=0.118056
2026-09-05T19:20:52Z A generation 50: F=0.118056
2026-09-05T19:20:58Z A generation 60: F=0.118056
2026-09-05T19:21:04Z A generation 70: F=0.118056
2026-09-05T19:21:11Z A generation 80: F=0.118056
2026-09-05T19:21:17Z A generation 90: F=0.118056
2026-09-05T19:21:24Z A generation 100: F=0.118056
2026-09-05T19:21:24Z A: gate1=0/100, selected=0
2026-09-05T19:21:24Z Trial 42/500: maximal
2026-09-05T19:21:31Z A generation 10: F=0.066038
2026-09-05T19:21:37Z A generation 20: F=0.076611
2026-09-05T19:21:44Z A generation 30: F=0.106114
2026-09-05T19:21:50Z A generation 40: F=0.113013
2026-09-05T19:21:57Z A generation 50: F=0.148136
2026-09-05T19:22:03Z A generation 60: F=0.148136
2026-09-05T19:22:10Z A generation 70: F=0.148136
2026-09-05T19:22:16Z A generation 80: F=0.148136
2026-09-05T19:22:23Z A generation 90: F=0.148136
2026-09-05T19:22:29Z A generation 100: F=0.160230
2026-09-05T19:22:29Z A: gate1=0/100, selected=0
2026-09-05T19:22:29Z Trial 43/500: maximal
2026-09-05T19:22:37Z A generation 10: F=0.044381
2026-09-05T19:22:43Z A generation 20: F=0.063300
2026-09-05T19:22:49Z A generation 30: F=0.063300
2026-09-05T19:22:56Z A generation 40: F=0.079586
2026-09-05T19:23:02Z A generation 50: F=0.080383
2026-09-05T19:23:08Z A generation 60: F=0.082526
2026-09-05T19:23:15Z A generation 70: F=0.089632
2026-09-05T19:23:21Z A generation 80: F=0.091144
2026-09-05T19:23:27Z A generation 90: F=0.091144
2026-09-05T19:23:34Z A generation 100: F=0.091144
2026-09-05T19:23:34Z A: gate1=0/100, selected=0
2026-09-05T19:23:34Z Trial 44/500: maximal
2026-09-05T19:23:41Z A generation 10: F=0.035294
2026-09-05T19:23:47Z A generation 20: F=0.076670
2026-09-05T19:23:55Z A generation 30: F=0.076670
2026-09-05T19:24:02Z A generation 40: F=0.079351
2026-09-05T19:24:08Z A generation 50: F=0.098908
2026-09-05T19:24:14Z A generation 60: F=0.098908
2026-09-05T19:24:21Z A generation 70: F=0.101797
2026-09-05T19:24:27Z A generation 80: F=0.135491
2026-09-05T19:24:33Z A generation 90: F=0.135491
2026-09-05T19:24:40Z A generation 100: F=0.135491
2026-09-05T19:24:40Z A: gate1=0/100, selected=0
2026-09-05T19:24:40Z Trial 45/500: maximal
2026-09-05T19:24:47Z A generation 10: F=0.032399
2026-09-05T19:24:53Z A generation 20: F=0.047366
2026-09-05T19:25:00Z A generation 30: F=0.075006
2026-09-05T19:25:06Z A generation 40: F=0.100263
2026-09-05T19:25:13Z A generation 50: F=0.100263
2026-09-05T19:25:19Z A generation 60: F=0.100263
2026-09-05T19:25:26Z A generation 70: F=0.144328
2026-09-05T19:25:32Z A generation 80: F=0.231056
2026-09-05T19:25:39Z A generation 90: F=0.231056
2026-09-05T19:25:45Z A generation 100: F=0.231056
2026-09-05T19:25:45Z A: gate1=0/100, selected=0
2026-09-05T19:25:45Z Trial 46/500: maximal
2026-09-05T19:25:52Z A generation 10: F=0.032403
2026-09-05T19:25:59Z A generation 20: F=0.059682
2026-09-05T19:26:05Z A generation 30: F=0.070260
2026-09-05T19:26:11Z A generation 40: F=0.070260
2026-09-05T19:26:18Z A generation 50: F=0.094621
2026-09-05T19:26:24Z A generation 60: F=0.094621
2026-09-05T19:26:30Z A generation 70: F=0.094621
2026-09-05T19:26:37Z A generation 80: F=0.094621
2026-09-05T19:26:43Z A generation 90: F=0.094621
2026-09-05T19:26:49Z A generation 100: F=0.094621
2026-09-05T19:26:49Z A: gate1=0/100, selected=0
2026-09-05T19:26:49Z Trial 47/500: maximal
2026-09-05T19:26:58Z A generation 10: F=0.094049
2026-09-05T19:27:04Z A generation 20: F=0.094049
2026-09-05T19:27:11Z A generation 30: F=0.248665
2026-09-05T19:27:17Z A generation 40: F=0.248665
2026-09-05T19:27:24Z A generation 50: F=0.248665
2026-09-05T19:27:30Z A generation 60: F=0.248665
2026-09-05T19:27:36Z A generation 70: F=0.248665
2026-09-05T19:27:43Z A generation 80: F=0.248665
2026-09-05T19:27:49Z A generation 90: F=0.248665
2026-09-05T19:27:56Z A generation 100: F=0.248665
2026-09-05T19:27:56Z A: gate1=1/100, selected=1
2026-09-05T19:28:10Z B: F=0.346658, gate2=False
2026-09-05T19:28:10Z Trial 48/500: maximal
2026-09-05T19:28:17Z A generation 10: F=0.071424
2026-09-05T19:28:23Z A generation 20: F=0.071424
2026-09-05T19:28:29Z A generation 30: F=0.107443
2026-09-05T19:28:36Z A generation 40: F=0.107443
2026-09-05T19:28:42Z A generation 50: F=0.107443
2026-09-05T19:28:49Z A generation 60: F=0.107443
2026-09-05T19:28:55Z A generation 70: F=0.107443
2026-09-05T19:29:01Z A generation 80: F=0.107443
2026-09-05T19:29:08Z A generation 90: F=0.107443
2026-09-05T19:29:14Z A generation 100: F=0.176509
2026-09-05T19:29:14Z A: gate1=2/100, selected=1
2026-09-05T19:29:28Z B: F=0.207068, gate2=False
2026-09-05T19:29:28Z Trial 49/500: maximal
2026-09-05T19:29:35Z A generation 10: F=0.056966
2026-09-05T19:29:41Z A generation 20: F=0.062672
2026-09-05T19:29:47Z A generation 30: F=0.062672
2026-09-05T19:29:54Z A generation 40: F=0.151570
2026-09-05T19:30:00Z A generation 50: F=0.151570
2026-09-05T19:30:07Z A generation 60: F=0.151570
2026-09-05T19:30:13Z A generation 70: F=0.151570
2026-09-05T19:30:19Z A generation 80: F=0.151570
2026-09-05T19:30:26Z A generation 90: F=0.151570
2026-09-05T19:30:32Z A generation 100: F=0.151570
2026-09-05T19:30:32Z A: gate1=0/100, selected=0
2026-09-05T19:30:32Z Trial 50/500: maximal
2026-09-05T19:30:40Z A generation 10: F=0.082565
2026-09-05T19:30:46Z A generation 20: F=0.082565
2026-09-05T19:30:53Z A generation 30: F=0.082565
2026-09-05T19:30:59Z A generation 40: F=0.106386
2026-09-05T19:31:05Z A generation 50: F=0.106386
2026-09-05T19:31:12Z A generation 60: F=0.106386
2026-09-05T19:31:18Z A generation 70: F=0.106386
2026-09-05T19:31:25Z A generation 80: F=0.155758
2026-09-05T19:31:31Z A generation 90: F=0.155758
2026-09-05T19:31:37Z A generation 100: F=0.155758
2026-09-05T19:31:37Z A: gate1=0/100, selected=0
2026-09-05T19:31:37Z Trial 51/500: maximal
2026-09-05T19:31:45Z A generation 10: F=0.046199
2026-09-05T19:31:51Z A generation 20: F=0.053570
2026-09-05T19:31:58Z A generation 30: F=0.053570
2026-09-05T19:32:04Z A generation 40: F=0.116519
2026-09-05T19:32:11Z A generation 50: F=0.116519
2026-09-05T19:32:17Z A generation 60: F=0.116519
2026-09-05T19:32:23Z A generation 70: F=0.116519
2026-09-05T19:32:30Z A generation 80: F=0.118208
2026-09-05T19:32:37Z A generation 90: F=0.118208
2026-09-05T19:32:43Z A generation 100: F=0.300616
2026-09-05T19:32:43Z A: gate1=2/100, selected=1
2026-09-05T19:32:56Z B: F=0.300616, gate2=False
2026-09-05T19:32:56Z Trial 52/500: maximal
2026-09-05T19:33:03Z A generation 10: F=0.040217
2026-09-05T19:33:09Z A generation 20: F=0.055197
2026-09-05T19:33:15Z A generation 30: F=0.078738
2026-09-05T19:33:22Z A generation 40: F=0.078738
2026-09-05T19:33:28Z A generation 50: F=0.107296
2026-09-05T19:33:34Z A generation 60: F=0.107296
2026-09-05T19:33:40Z A generation 70: F=0.107296
2026-09-05T19:33:47Z A generation 80: F=0.107296
2026-09-05T19:33:53Z A generation 90: F=0.107296
2026-09-05T19:33:59Z A generation 100: F=0.174987
2026-09-05T19:33:59Z A: gate1=0/100, selected=0
2026-09-05T19:33:59Z Trial 53/500: maximal
2026-09-05T19:34:06Z A generation 10: F=0.090916
2026-09-05T19:34:13Z A generation 20: F=0.090916
2026-09-05T19:34:19Z A generation 30: F=0.090916
2026-09-05T19:34:26Z A generation 40: F=0.090916
2026-09-05T19:34:32Z A generation 50: F=0.090916
2026-09-05T19:34:39Z A generation 60: F=0.090916
2026-09-05T19:34:45Z A generation 70: F=0.203758
2026-09-05T19:34:52Z A generation 80: F=0.203758
2026-09-05T19:34:58Z A generation 90: F=0.203758
2026-09-05T19:35:05Z A generation 100: F=0.203758
2026-09-05T19:35:05Z A: gate1=0/100, selected=0
2026-09-05T19:35:05Z Trial 54/500: maximal
2026-09-05T19:35:12Z A generation 10: F=0.038848
2026-09-05T19:35:18Z A generation 20: F=0.076805
2026-09-05T19:35:24Z A generation 30: F=0.077899
2026-09-05T19:35:31Z A generation 40: F=0.077899
2026-09-05T19:35:37Z A generation 50: F=0.107011
2026-09-05T19:35:43Z A generation 60: F=0.107011
2026-09-05T19:35:50Z A generation 70: F=0.109824
2026-09-05T19:35:56Z A generation 80: F=0.109824
2026-09-05T19:36:03Z A generation 90: F=0.271519
2026-09-05T19:36:09Z A generation 100: F=0.271519
2026-09-05T19:36:09Z A: gate1=0/100, selected=0
2026-09-05T19:36:09Z Trial 55/500: maximal
2026-09-05T19:36:16Z A generation 10: F=0.157375
2026-09-05T19:36:22Z A generation 20: F=0.157375
2026-09-05T19:36:29Z A generation 30: F=0.157375
2026-09-05T19:36:35Z A generation 40: F=0.157375
2026-09-05T19:36:41Z A generation 50: F=0.157375
2026-09-05T19:36:48Z A generation 60: F=0.157375
2026-09-05T19:36:54Z A generation 70: F=0.157375
2026-09-05T19:37:00Z A generation 80: F=0.157375
2026-09-05T19:37:06Z A generation 90: F=0.157375
2026-09-05T19:37:13Z A generation 100: F=0.160167
2026-09-05T19:37:13Z A: gate1=0/100, selected=0
2026-09-05T19:37:13Z Trial 56/500: maximal
2026-09-05T19:37:20Z A generation 10: F=0.056526
2026-09-05T19:37:26Z A generation 20: F=0.087017
2026-09-05T19:37:32Z A generation 30: F=0.103212
2026-09-05T19:37:39Z A generation 40: F=0.109368
2026-09-05T19:37:45Z A generation 50: F=0.109368
2026-09-05T19:37:51Z A generation 60: F=0.109368
2026-09-05T19:37:58Z A generation 70: F=0.109368
2026-09-05T19:38:04Z A generation 80: F=0.109368
2026-09-05T19:38:11Z A generation 90: F=0.145928
2026-09-05T19:38:17Z A generation 100: F=0.145928
2026-09-05T19:38:17Z A: gate1=0/100, selected=0
2026-09-05T19:38:17Z Trial 57/500: maximal
2026-09-05T19:38:24Z A generation 10: F=0.050031
2026-09-05T19:38:31Z A generation 20: F=0.051550
2026-09-05T19:38:37Z A generation 30: F=0.122078
2026-09-05T19:38:44Z A generation 40: F=0.122078
2026-09-05T19:38:50Z A generation 50: F=0.131076
2026-09-05T19:38:56Z A generation 60: F=0.131076
2026-09-05T19:39:03Z A generation 70: F=0.136684
2026-09-05T19:39:09Z A generation 80: F=0.166745
2026-09-05T19:39:16Z A generation 90: F=0.166745
2026-09-05T19:39:22Z A generation 100: F=0.166745
2026-09-05T19:39:22Z A: gate1=2/100, selected=1
2026-09-05T19:39:36Z B: F=0.178713, gate2=False
2026-09-05T19:39:36Z Trial 58/500: maximal
2026-09-05T19:39:43Z A generation 10: F=0.038624
2026-09-05T19:39:49Z A generation 20: F=0.060586
2026-09-05T19:39:56Z A generation 30: F=0.065854
2026-09-05T19:40:02Z A generation 40: F=0.084730
2026-09-05T19:40:09Z A generation 50: F=0.084730
2026-09-05T19:40:15Z A generation 60: F=0.084730
2026-09-05T19:40:21Z A generation 70: F=0.084730
2026-09-05T19:40:28Z A generation 80: F=0.084730
2026-09-05T19:40:34Z A generation 90: F=0.084835
2026-09-05T19:40:41Z A generation 100: F=0.084835
2026-09-05T19:40:41Z A: gate1=0/100, selected=0
2026-09-05T19:40:41Z Trial 59/500: maximal
2026-09-05T19:40:48Z A generation 10: F=0.037827
2026-09-05T19:40:54Z A generation 20: F=0.048346
2026-09-05T19:41:01Z A generation 30: F=0.061463
2026-09-05T19:41:07Z A generation 40: F=0.100857
2026-09-05T19:41:14Z A generation 50: F=0.141188
2026-09-05T19:41:20Z A generation 60: F=0.141188
2026-09-05T19:41:27Z A generation 70: F=0.141188
2026-09-05T19:41:33Z A generation 80: F=0.141188
2026-09-05T19:41:40Z A generation 90: F=0.150804
2026-09-05T19:41:46Z A generation 100: F=0.150804
2026-09-05T19:41:46Z A: gate1=2/100, selected=1
2026-09-05T19:42:00Z B: F=0.253479, gate2=False
2026-09-05T19:42:00Z Trial 60/500: maximal
2026-09-05T19:42:07Z A generation 10: F=0.076165
2026-09-05T19:42:14Z A generation 20: F=0.076165
2026-09-05T19:42:20Z A generation 30: F=0.076165
2026-09-05T19:42:27Z A generation 40: F=0.083869
2026-09-05T19:42:33Z A generation 50: F=0.141485
2026-09-05T19:42:40Z A generation 60: F=0.141485
2026-09-05T19:42:46Z A generation 70: F=0.141485
2026-09-05T19:42:53Z A generation 80: F=0.141485
2026-09-05T19:42:59Z A generation 90: F=0.147907
2026-09-05T19:43:06Z A generation 100: F=0.147907
2026-09-05T19:43:06Z A: gate1=0/100, selected=0
2026-09-05T19:43:06Z Trial 61/500: maximal
2026-09-05T19:43:13Z A generation 10: F=0.046611
2026-09-05T19:43:19Z A generation 20: F=0.071611
2026-09-05T19:43:26Z A generation 30: F=0.071611
2026-09-05T19:43:32Z A generation 40: F=0.138587
2026-09-05T19:43:39Z A generation 50: F=0.140669
2026-09-05T19:43:45Z A generation 60: F=0.140669
2026-09-05T19:43:52Z A generation 70: F=0.140669
2026-09-05T19:43:58Z A generation 80: F=0.140669
2026-09-05T19:44:05Z A generation 90: F=0.143536
2026-09-05T19:44:11Z A generation 100: F=0.143536
2026-09-05T19:44:11Z A: gate1=0/100, selected=0
2026-09-05T19:44:11Z Trial 62/500: maximal
2026-09-05T19:44:18Z A generation 10: F=0.043181
2026-09-05T19:44:24Z A generation 20: F=0.133140
2026-09-05T19:44:31Z A generation 30: F=0.133140
2026-09-05T19:44:37Z A generation 40: F=0.133140
2026-09-05T19:44:44Z A generation 50: F=0.133140
2026-09-05T19:44:50Z A generation 60: F=0.136427
2026-09-05T19:44:56Z A generation 70: F=0.136427
2026-09-05T19:45:03Z A generation 80: F=0.136427
2026-09-05T19:45:09Z A generation 90: F=0.136427
2026-09-05T19:45:15Z A generation 100: F=0.136427
2026-09-05T19:45:15Z A: gate1=0/100, selected=0
2026-09-05T19:45:15Z Trial 63/500: maximal
2026-09-05T19:45:22Z A generation 10: F=0.044368
2026-09-05T19:45:28Z A generation 20: F=0.057563
2026-09-05T19:45:35Z A generation 30: F=0.076163
2026-09-05T19:45:41Z A generation 40: F=0.095101
2026-09-05T19:45:47Z A generation 50: F=0.101808
2026-09-05T19:45:53Z A generation 60: F=0.182139
2026-09-05T19:46:00Z A generation 70: F=0.182139
2026-09-05T19:46:06Z A generation 80: F=0.182139
2026-09-05T19:46:12Z A generation 90: F=0.206363
2026-09-05T19:46:18Z A generation 100: F=0.206363
2026-09-05T19:46:18Z A: gate1=0/100, selected=0
2026-09-05T19:46:18Z Trial 64/500: maximal
2026-09-05T19:46:25Z A generation 10: F=0.085031
2026-09-05T19:46:32Z A generation 20: F=0.085031
2026-09-05T19:46:39Z A generation 30: F=0.085031
2026-09-05T19:46:45Z A generation 40: F=0.085031
2026-09-05T19:46:52Z A generation 50: F=0.116460
2026-09-05T19:46:58Z A generation 60: F=0.116460
2026-09-05T19:47:04Z A generation 70: F=0.116460
2026-09-05T19:47:11Z A generation 80: F=0.116460
2026-09-05T19:47:17Z A generation 90: F=0.127449
2026-09-05T19:47:24Z A generation 100: F=0.127449
2026-09-05T19:47:24Z A: gate1=0/100, selected=0
2026-09-05T19:47:24Z Trial 65/500: maximal
2026-09-05T19:47:31Z A generation 10: F=0.093190
2026-09-05T19:47:37Z A generation 20: F=0.093190
2026-09-05T19:47:44Z A generation 30: F=0.093190
2026-09-05T19:47:50Z A generation 40: F=0.121962
2026-09-05T19:47:57Z A generation 50: F=0.121962
2026-09-05T19:48:03Z A generation 60: F=0.121962
2026-09-05T19:48:10Z A generation 70: F=0.121962
2026-09-05T19:48:16Z A generation 80: F=0.121962
2026-09-05T19:48:22Z A generation 90: F=0.121962
2026-09-05T19:48:29Z A generation 100: F=0.121962
2026-09-05T19:48:29Z A: gate1=0/100, selected=0
2026-09-05T19:48:29Z Trial 66/500: maximal
2026-09-05T19:48:36Z A generation 10: F=0.059335
2026-09-05T19:48:43Z A generation 20: F=0.059335
2026-09-05T19:48:49Z A generation 30: F=0.068773
2026-09-05T19:48:55Z A generation 40: F=0.100585
2026-09-05T19:49:02Z A generation 50: F=0.114226
2026-09-05T19:49:08Z A generation 60: F=0.133975
2026-09-05T19:49:14Z A generation 70: F=0.150077
2026-09-05T19:49:20Z A generation 80: F=0.150077
2026-09-05T19:49:27Z A generation 90: F=0.150077
2026-09-05T19:49:33Z A generation 100: F=0.150077
2026-09-05T19:49:33Z A: gate1=0/100, selected=0
2026-09-05T19:49:33Z Trial 67/500: maximal
2026-09-05T19:49:40Z A generation 10: F=0.087862
2026-09-05T19:49:46Z A generation 20: F=0.091236
2026-09-05T19:49:53Z A generation 30: F=0.112636
2026-09-05T19:49:59Z A generation 40: F=0.112636
2026-09-05T19:50:06Z A generation 50: F=0.118684
2026-09-05T19:50:12Z A generation 60: F=0.118684
2026-09-05T19:50:19Z A generation 70: F=0.118684
2026-09-05T19:50:25Z A generation 80: F=0.118684
2026-09-05T19:50:32Z A generation 90: F=0.166723
2026-09-05T19:50:38Z A generation 100: F=0.166723
2026-09-05T19:50:38Z A: gate1=0/100, selected=0
2026-09-05T19:50:38Z Trial 68/500: maximal
2026-09-05T19:50:45Z A generation 10: F=0.039923
2026-09-05T19:50:52Z A generation 20: F=0.062401
2026-09-05T19:50:58Z A generation 30: F=0.069921
2026-09-05T19:51:04Z A generation 40: F=0.179221
2026-09-05T19:51:11Z A generation 50: F=0.179221
2026-09-05T19:51:17Z A generation 60: F=0.179221
2026-09-05T19:51:23Z A generation 70: F=0.179221
2026-09-05T19:51:29Z A generation 80: F=0.179221
2026-09-05T19:51:35Z A generation 90: F=0.179221
2026-09-05T19:51:42Z A generation 100: F=0.179221
2026-09-05T19:51:42Z A: gate1=0/100, selected=0
2026-09-05T19:51:42Z Trial 69/500: maximal
2026-09-05T19:51:49Z A generation 10: F=0.029712
2026-09-05T19:51:55Z A generation 20: F=0.074006
2026-09-05T19:52:02Z A generation 30: F=0.112683
2026-09-05T19:52:08Z A generation 40: F=0.112683
2026-09-05T19:52:15Z A generation 50: F=0.112683
2026-09-05T19:52:22Z A generation 60: F=0.112683
2026-09-05T19:52:28Z A generation 70: F=0.112683
2026-09-05T19:52:35Z A generation 80: F=0.112683
2026-09-05T19:52:41Z A generation 90: F=0.112683
2026-09-05T19:52:48Z A generation 100: F=0.112683
2026-09-05T19:52:48Z A: gate1=0/100, selected=0
2026-09-05T19:52:48Z Trial 70/500: maximal
2026-09-05T19:52:55Z A generation 10: F=0.091283
2026-09-05T19:53:02Z A generation 20: F=0.091283
2026-09-05T19:53:08Z A generation 30: F=0.091283
2026-09-05T19:53:14Z A generation 40: F=0.105344
2026-09-05T19:53:21Z A generation 50: F=0.105344
2026-09-05T19:53:27Z A generation 60: F=0.105344
2026-09-05T19:53:34Z A generation 70: F=0.114589
2026-09-05T19:53:40Z A generation 80: F=0.115358
2026-09-05T19:53:47Z A generation 90: F=0.115358
2026-09-05T19:53:53Z A generation 100: F=0.115358
2026-09-05T19:53:53Z A: gate1=0/100, selected=0
2026-09-05T19:53:53Z Trial 71/500: maximal
2026-09-05T19:54:00Z A generation 10: F=0.094223
2026-09-05T19:54:06Z A generation 20: F=0.094223
2026-09-05T19:54:13Z A generation 30: F=0.094223
2026-09-05T19:54:19Z A generation 40: F=0.109149
2026-09-05T19:54:26Z A generation 50: F=0.113228
2026-09-05T19:54:32Z A generation 60: F=0.121539
2026-09-05T19:54:39Z A generation 70: F=0.215663
2026-09-05T19:54:45Z A generation 80: F=0.256972
2026-09-05T19:54:52Z A generation 90: F=0.276559
2026-09-05T19:54:58Z A generation 100: F=0.276559
2026-09-05T19:54:58Z A: gate1=2/100, selected=1
2026-09-05T19:55:12Z B: F=0.460776, gate2=False
2026-09-05T19:55:12Z Trial 72/500: maximal
2026-09-05T19:55:19Z A generation 10: F=0.044466
2026-09-05T19:55:25Z A generation 20: F=0.130820
2026-09-05T19:55:32Z A generation 30: F=0.130820
2026-09-05T19:55:38Z A generation 40: F=0.130820
2026-09-05T19:55:44Z A generation 50: F=0.130820
2026-09-05T19:55:51Z A generation 60: F=0.147839
2026-09-05T19:55:57Z A generation 70: F=0.162624
2026-09-05T19:56:03Z A generation 80: F=0.222172
2026-09-05T19:56:10Z A generation 90: F=0.222172
2026-09-05T19:56:17Z A generation 100: F=0.222172
2026-09-05T19:56:17Z A: gate1=0/100, selected=0
2026-09-05T19:56:17Z Trial 73/500: maximal
2026-09-05T19:56:24Z A generation 10: F=0.042427
2026-09-05T19:56:30Z A generation 20: F=0.078835
2026-09-05T19:56:37Z A generation 30: F=0.128505
2026-09-05T19:56:43Z A generation 40: F=0.128505
2026-09-05T19:56:50Z A generation 50: F=0.128505
2026-09-05T19:56:56Z A generation 60: F=0.160708
2026-09-05T19:57:02Z A generation 70: F=0.160708
2026-09-05T19:57:09Z A generation 80: F=0.160708
2026-09-05T19:57:15Z A generation 90: F=0.160708
2026-09-05T19:57:21Z A generation 100: F=0.160708
2026-09-05T19:57:21Z A: gate1=0/100, selected=0
2026-09-05T19:57:21Z Trial 74/500: maximal
2026-09-05T19:57:28Z A generation 10: F=0.043814
2026-09-05T19:57:35Z A generation 20: F=0.087542
2026-09-05T19:57:41Z A generation 30: F=0.099284
2026-09-05T19:57:48Z A generation 40: F=0.105218
2026-09-05T19:57:54Z A generation 50: F=0.115532
2026-09-05T19:58:01Z A generation 60: F=0.128535
2026-09-05T19:58:07Z A generation 70: F=0.153738
2026-09-05T19:58:14Z A generation 80: F=0.186959
2026-09-05T19:58:20Z A generation 90: F=0.243028
2026-09-05T19:58:27Z A generation 100: F=0.277656
2026-09-05T19:58:27Z A: gate1=0/100, selected=0
2026-09-05T19:58:27Z Trial 75/500: maximal
2026-09-05T19:58:34Z A generation 10: F=0.050165
2026-09-05T19:58:40Z A generation 20: F=0.050165
2026-09-05T19:58:47Z A generation 30: F=0.096506
2026-09-05T19:58:54Z A generation 40: F=0.096506
2026-09-05T19:59:00Z A generation 50: F=0.098402
2026-09-05T19:59:07Z A generation 60: F=0.146431
2026-09-05T19:59:13Z A generation 70: F=0.146431
2026-09-05T19:59:20Z A generation 80: F=0.198396
2026-09-05T19:59:26Z A generation 90: F=0.244915
2026-09-05T19:59:33Z A generation 100: F=0.244915
2026-09-05T19:59:33Z A: gate1=0/100, selected=0
2026-09-05T19:59:33Z Trial 76/500: maximal
2026-09-05T19:59:40Z A generation 10: F=0.048668
2026-09-05T19:59:46Z A generation 20: F=0.048671
2026-09-05T19:59:52Z A generation 30: F=0.066586
2026-09-05T19:59:59Z A generation 40: F=0.085894
2026-09-05T20:00:05Z A generation 50: F=0.086483
2026-09-05T20:00:11Z A generation 60: F=0.134743
2026-09-05T20:00:18Z A generation 70: F=0.161753
2026-09-05T20:00:24Z A generation 80: F=0.161753
2026-09-05T20:00:30Z A generation 90: F=0.161753
2026-09-05T20:00:37Z A generation 100: F=0.161753
2026-09-05T20:00:37Z A: gate1=0/100, selected=0
2026-09-05T20:00:37Z Trial 77/500: maximal
2026-09-05T20:00:44Z A generation 10: F=0.045482
2026-09-05T20:00:50Z A generation 20: F=0.048566
2026-09-05T20:00:56Z A generation 30: F=0.052367
2026-09-05T20:01:03Z A generation 40: F=0.109336
2026-09-05T20:01:09Z A generation 50: F=0.109336
2026-09-05T20:01:15Z A generation 60: F=0.109336
2026-09-05T20:01:22Z A generation 70: F=0.121847
2026-09-05T20:01:28Z A generation 80: F=0.121847
2026-09-05T20:01:35Z A generation 90: F=0.121847
2026-09-05T20:01:41Z A generation 100: F=0.124283
2026-09-05T20:01:41Z A: gate1=0/100, selected=0
2026-09-05T20:01:41Z Trial 78/500: maximal
2026-09-05T20:01:48Z A generation 10: F=0.061890
2026-09-05T20:01:54Z A generation 20: F=0.067406
2026-09-05T20:02:01Z A generation 30: F=0.103376
2026-09-05T20:02:07Z A generation 40: F=0.103376
2026-09-05T20:02:14Z A generation 50: F=0.103376
2026-09-05T20:02:20Z A generation 60: F=0.228657
2026-09-05T20:02:27Z A generation 70: F=0.228657
2026-09-05T20:02:34Z A generation 80: F=0.228657
2026-09-05T20:02:40Z A generation 90: F=0.228657
2026-09-05T20:02:47Z A generation 100: F=0.228657
2026-09-05T20:02:47Z A: gate1=2/100, selected=1
2026-09-05T20:03:00Z B: F=0.268948, gate2=False
2026-09-05T20:03:00Z Trial 79/500: maximal
2026-09-05T20:03:07Z A generation 10: F=0.053137
2026-09-05T20:03:14Z A generation 20: F=0.103998
2026-09-05T20:03:20Z A generation 30: F=0.104224
2026-09-05T20:03:27Z A generation 40: F=0.104224
2026-09-05T20:03:33Z A generation 50: F=0.172424
2026-09-05T20:03:40Z A generation 60: F=0.172424
2026-09-05T20:03:46Z A generation 70: F=0.200915
2026-09-05T20:03:53Z A generation 80: F=0.228409
2026-09-05T20:03:59Z A generation 90: F=0.232843
2026-09-05T20:04:06Z A generation 100: F=0.247770
2026-09-05T20:04:06Z A: gate1=0/100, selected=0
2026-09-05T20:04:06Z Trial 80/500: maximal
2026-09-05T20:04:13Z A generation 10: F=0.047446
2026-09-05T20:04:19Z A generation 20: F=0.099489
2026-09-05T20:04:25Z A generation 30: F=0.099489
2026-09-05T20:04:32Z A generation 40: F=0.099489
2026-09-05T20:04:38Z A generation 50: F=0.099489
2026-09-05T20:04:44Z A generation 60: F=0.148665
2026-09-05T20:04:51Z A generation 70: F=0.148665
2026-09-05T20:04:57Z A generation 80: F=0.148665
2026-09-05T20:05:03Z A generation 90: F=0.148665
2026-09-05T20:05:09Z A generation 100: F=0.148665
2026-09-05T20:05:09Z A: gate1=0/100, selected=0
2026-09-05T20:05:09Z Trial 81/500: maximal
2026-09-05T20:05:16Z A generation 10: F=0.060736
2026-09-05T20:05:23Z A generation 20: F=0.060736
2026-09-05T20:05:29Z A generation 30: F=0.065960
2026-09-05T20:05:36Z A generation 40: F=0.065960
2026-09-05T20:05:42Z A generation 50: F=0.123502
2026-09-05T20:05:48Z A generation 60: F=0.123502
2026-09-05T20:05:55Z A generation 70: F=0.123502
2026-09-05T20:06:01Z A generation 80: F=0.123502
2026-09-05T20:06:08Z A generation 90: F=0.123502
2026-09-05T20:06:14Z A generation 100: F=0.164754
2026-09-05T20:06:14Z A: gate1=1/100, selected=1
2026-09-05T20:06:28Z B: F=0.186724, gate2=False
2026-09-05T20:06:28Z Trial 82/500: maximal
2026-09-05T20:06:35Z A generation 10: F=0.056208
2026-09-05T20:06:42Z A generation 20: F=0.056208
2026-09-05T20:06:48Z A generation 30: F=0.101811
2026-09-05T20:06:55Z A generation 40: F=0.101811
2026-09-05T20:07:01Z A generation 50: F=0.128807
2026-09-05T20:07:08Z A generation 60: F=0.128807
2026-09-05T20:07:14Z A generation 70: F=0.162827
2026-09-05T20:07:21Z A generation 80: F=0.162827
2026-09-05T20:07:27Z A generation 90: F=0.162827
2026-09-05T20:07:34Z A generation 100: F=0.162827
2026-09-05T20:07:34Z A: gate1=0/100, selected=0
2026-09-05T20:07:34Z Trial 83/500: maximal
2026-09-05T20:07:41Z A generation 10: F=0.032757
2026-09-05T20:07:47Z A generation 20: F=0.044393
2026-09-05T20:07:54Z A generation 30: F=0.059983
2026-09-05T20:08:00Z A generation 40: F=0.059983
2026-09-05T20:08:07Z A generation 50: F=0.067423
2026-09-05T20:08:13Z A generation 60: F=0.069534
2026-09-05T20:08:20Z A generation 70: F=0.095677
2026-09-05T20:08:26Z A generation 80: F=0.095943
2026-09-05T20:08:33Z A generation 90: F=0.139997
2026-09-05T20:08:39Z A generation 100: F=0.139997
2026-09-05T20:08:39Z A: gate1=1/100, selected=1
2026-09-05T20:08:53Z B: F=0.358520, gate2=False
2026-09-05T20:08:53Z Trial 84/500: maximal
2026-09-05T20:09:00Z A generation 10: F=0.087144
2026-09-05T20:09:07Z A generation 20: F=0.087144
2026-09-05T20:09:13Z A generation 30: F=0.087144
2026-09-05T20:09:20Z A generation 40: F=0.204930
2026-09-05T20:09:26Z A generation 50: F=0.204930
2026-09-05T20:09:33Z A generation 60: F=0.204930
2026-09-05T20:09:40Z A generation 70: F=0.204930
2026-09-05T20:09:46Z A generation 80: F=0.229785
2026-09-05T20:09:53Z A generation 90: F=0.229785
2026-09-05T20:09:59Z A generation 100: F=0.229785
2026-09-05T20:09:59Z A: gate1=0/100, selected=0
2026-09-05T20:09:59Z Trial 85/500: maximal
2026-09-05T20:10:06Z A generation 10: F=0.047748
2026-09-05T20:10:13Z A generation 20: F=0.211495
2026-09-05T20:10:19Z A generation 30: F=0.211495
2026-09-05T20:10:26Z A generation 40: F=0.211495
2026-09-05T20:10:32Z A generation 50: F=0.238686
2026-09-05T20:10:39Z A generation 60: F=0.238686
2026-09-05T20:10:45Z A generation 70: F=0.238686
2026-09-05T20:10:52Z A generation 80: F=0.238686
2026-09-05T20:10:58Z A generation 90: F=0.238686
2026-09-05T20:11:05Z A generation 100: F=0.238686
2026-09-05T20:11:05Z A: gate1=2/100, selected=1
2026-09-05T20:11:18Z B: F=0.314055, gate2=False
2026-09-05T20:11:18Z Trial 86/500: maximal
2026-09-05T20:11:26Z A generation 10: F=0.045141
2026-09-05T20:11:32Z A generation 20: F=0.089422
2026-09-05T20:11:38Z A generation 30: F=0.089422
2026-09-05T20:11:44Z A generation 40: F=0.089422
2026-09-05T20:11:51Z A generation 50: F=0.100483
2026-09-05T20:11:57Z A generation 60: F=0.100483
2026-09-05T20:12:04Z A generation 70: F=0.101703
2026-09-05T20:12:10Z A generation 80: F=0.102369
2026-09-05T20:12:17Z A generation 90: F=0.106576
2026-09-05T20:12:23Z A generation 100: F=0.148192
2026-09-05T20:12:23Z A: gate1=0/100, selected=0
2026-09-05T20:12:23Z Trial 87/500: maximal
2026-09-05T20:12:30Z A generation 10: F=0.054142
2026-09-05T20:12:37Z A generation 20: F=0.063188
2026-09-05T20:12:43Z A generation 30: F=0.102092
2026-09-05T20:12:49Z A generation 40: F=0.102092
2026-09-05T20:12:56Z A generation 50: F=0.172335
2026-09-05T20:13:02Z A generation 60: F=0.172335
2026-09-05T20:13:09Z A generation 70: F=0.172335
2026-09-05T20:13:15Z A generation 80: F=0.172335
2026-09-05T20:13:21Z A generation 90: F=0.172335
2026-09-05T20:13:28Z A generation 100: F=0.172335
2026-09-05T20:13:28Z A: gate1=0/100, selected=0
2026-09-05T20:13:28Z Trial 88/500: maximal
2026-09-05T20:13:35Z A generation 10: F=0.076017
2026-09-05T20:13:42Z A generation 20: F=0.101497
2026-09-05T20:13:48Z A generation 30: F=0.101497
2026-09-05T20:13:54Z A generation 40: F=0.101497
2026-09-05T20:14:01Z A generation 50: F=0.101497
2026-09-05T20:14:07Z A generation 60: F=0.101497
2026-09-05T20:14:14Z A generation 70: F=0.115521
2026-09-05T20:14:20Z A generation 80: F=0.115521
2026-09-05T20:14:26Z A generation 90: F=0.145127
2026-09-05T20:14:33Z A generation 100: F=0.145127
2026-09-05T20:14:33Z A: gate1=0/100, selected=0
2026-09-05T20:14:33Z Trial 89/500: maximal
2026-09-05T20:14:40Z A generation 10: F=0.033892
2026-09-05T20:14:47Z A generation 20: F=0.088822
2026-09-05T20:14:53Z A generation 30: F=0.088822
2026-09-05T20:14:59Z A generation 40: F=0.088822
2026-09-05T20:15:06Z A generation 50: F=0.088822
2026-09-05T20:15:12Z A generation 60: F=0.088822
2026-09-05T20:15:18Z A generation 70: F=0.286787
2026-09-05T20:15:24Z A generation 80: F=0.286787
2026-09-05T20:15:31Z A generation 90: F=0.286787
2026-09-05T20:15:37Z A generation 100: F=0.286787
2026-09-05T20:15:37Z A: gate1=0/100, selected=0
2026-09-05T20:15:37Z Trial 90/500: maximal
2026-09-05T20:15:44Z A generation 10: F=0.050980
2026-09-05T20:15:51Z A generation 20: F=0.057925
2026-09-05T20:15:57Z A generation 30: F=0.097104
2026-09-05T20:16:03Z A generation 40: F=0.097104
2026-09-05T20:16:10Z A generation 50: F=0.097104
2026-09-05T20:16:16Z A generation 60: F=0.097104
2026-09-05T20:16:23Z A generation 70: F=0.109944
2026-09-05T20:16:29Z A generation 80: F=0.109944
2026-09-05T20:16:36Z A generation 90: F=0.109944
2026-09-05T20:16:42Z A generation 100: F=0.109944
2026-09-05T20:16:42Z A: gate1=0/100, selected=0
2026-09-05T20:16:42Z Trial 91/500: maximal
2026-09-05T20:16:49Z A generation 10: F=0.046017
2026-09-05T20:16:55Z A generation 20: F=0.060207
2026-09-05T20:17:02Z A generation 30: F=0.083211
2026-09-05T20:17:08Z A generation 40: F=0.083434
2026-09-05T20:17:14Z A generation 50: F=0.083713
2026-09-05T20:17:21Z A generation 60: F=0.083713
2026-09-05T20:17:27Z A generation 70: F=0.083713
2026-09-05T20:17:34Z A generation 80: F=0.091137
2026-09-05T20:17:40Z A generation 90: F=0.139454
2026-09-05T20:17:47Z A generation 100: F=0.170939
2026-09-05T20:17:47Z A: gate1=0/100, selected=0
2026-09-05T20:17:47Z Trial 92/500: maximal
2026-09-05T20:17:54Z A generation 10: F=0.042256
2026-09-05T20:18:00Z A generation 20: F=0.077949
2026-09-05T20:18:07Z A generation 30: F=0.077949
2026-09-05T20:18:13Z A generation 40: F=0.083232
2026-09-05T20:18:20Z A generation 50: F=0.085100
2026-09-05T20:18:26Z A generation 60: F=0.125802
2026-09-05T20:18:33Z A generation 70: F=0.125802
2026-09-05T20:18:40Z A generation 80: F=0.125802
2026-09-05T20:18:46Z A generation 90: F=0.125802
2026-09-05T20:18:53Z A generation 100: F=0.199389
2026-09-05T20:18:53Z A: gate1=0/100, selected=0
2026-09-05T20:18:53Z Trial 93/500: maximal
2026-09-05T20:19:00Z A generation 10: F=0.102916
2026-09-05T20:19:06Z A generation 20: F=0.102916
2026-09-05T20:19:13Z A generation 30: F=0.102916
2026-09-05T20:19:19Z A generation 40: F=0.102916
2026-09-05T20:19:26Z A generation 50: F=0.136764
2026-09-05T20:19:32Z A generation 60: F=0.136764
2026-09-05T20:19:38Z A generation 70: F=0.136764
2026-09-05T20:19:45Z A generation 80: F=0.136764
2026-09-05T20:19:51Z A generation 90: F=0.136764
2026-09-05T20:19:57Z A generation 100: F=0.136764
2026-09-05T20:19:57Z A: gate1=0/100, selected=0
2026-09-05T20:19:57Z Trial 94/500: maximal
2026-09-05T20:20:05Z A generation 10: F=0.043686
2026-09-05T20:20:11Z A generation 20: F=0.122760
2026-09-05T20:20:18Z A generation 30: F=0.122760
2026-09-05T20:20:24Z A generation 40: F=0.122760
2026-09-05T20:20:31Z A generation 50: F=0.136945
2026-09-05T20:20:37Z A generation 60: F=0.136945
2026-09-05T20:20:44Z A generation 70: F=0.160533
2026-09-05T20:20:50Z A generation 80: F=0.169814
2026-09-05T20:20:57Z A generation 90: F=0.253779
2026-09-05T20:21:03Z A generation 100: F=0.253779
2026-09-05T20:21:03Z A: gate1=1/100, selected=1
2026-09-05T20:21:17Z B: F=0.367770, gate2=False
2026-09-05T20:21:17Z Trial 95/500: maximal
2026-09-05T20:21:24Z A generation 10: F=0.058904
2026-09-05T20:21:30Z A generation 20: F=0.075639
2026-09-05T20:21:36Z A generation 30: F=0.130281
2026-09-05T20:21:43Z A generation 40: F=0.130281
2026-09-05T20:21:49Z A generation 50: F=0.130281
2026-09-05T20:21:55Z A generation 60: F=0.231178
2026-09-05T20:22:02Z A generation 70: F=0.231178
2026-09-05T20:22:08Z A generation 80: F=0.231178
2026-09-05T20:22:14Z A generation 90: F=0.231178
2026-09-05T20:22:21Z A generation 100: F=0.231178
2026-09-05T20:22:21Z A: gate1=0/100, selected=0
2026-09-05T20:22:21Z Trial 96/500: maximal
2026-09-05T20:22:28Z A generation 10: F=0.068167
2026-09-05T20:22:34Z A generation 20: F=0.068167
2026-09-05T20:22:41Z A generation 30: F=0.068167
2026-09-05T20:22:47Z A generation 40: F=0.139498
2026-09-05T20:22:54Z A generation 50: F=0.139498
2026-09-05T20:23:00Z A generation 60: F=0.369065
2026-09-05T20:23:06Z A generation 70: F=0.369065
2026-09-05T20:23:13Z A generation 80: F=0.369065
2026-09-05T20:23:19Z A generation 90: F=0.369065
2026-09-05T20:23:25Z A generation 100: F=0.369065
2026-09-05T20:23:25Z A: gate1=0/100, selected=0
2026-09-05T20:23:25Z Trial 97/500: maximal
2026-09-05T20:23:33Z A generation 10: F=0.059367
2026-09-05T20:23:39Z A generation 20: F=0.073318
2026-09-05T20:23:45Z A generation 30: F=0.074540
2026-09-05T20:23:52Z A generation 40: F=0.076010
2026-09-05T20:23:59Z A generation 50: F=0.135125
2026-09-05T20:24:05Z A generation 60: F=0.169228
2026-09-05T20:24:12Z A generation 70: F=0.169228
2026-09-05T20:24:18Z A generation 80: F=0.169228
2026-09-05T20:24:25Z A generation 90: F=0.360001
2026-09-05T20:24:31Z A generation 100: F=0.360001
2026-09-05T20:24:31Z A: gate1=0/100, selected=0
2026-09-05T20:24:31Z Trial 98/500: maximal
2026-09-05T20:24:39Z A generation 10: F=0.071344
2026-09-05T20:24:45Z A generation 20: F=0.129221
2026-09-05T20:24:52Z A generation 30: F=0.233381
2026-09-05T20:24:58Z A generation 40: F=0.233381
2026-09-05T20:25:05Z A generation 50: F=0.266447
2026-09-05T20:25:11Z A generation 60: F=0.266447
2026-09-05T20:25:18Z A generation 70: F=0.301191
2026-09-05T20:25:24Z A generation 80: F=0.301191
2026-09-05T20:25:31Z A generation 90: F=0.301191
2026-09-05T20:25:37Z A generation 100: F=0.301191
2026-09-05T20:25:37Z A: gate1=2/100, selected=1
2026-09-05T20:25:51Z B: F=0.442766, gate2=False
2026-09-05T20:25:51Z Trial 99/500: maximal
2026-09-05T20:25:58Z A generation 10: F=0.137960
2026-09-05T20:26:05Z A generation 20: F=0.137960
2026-09-05T20:26:11Z A generation 30: F=0.137960
2026-09-05T20:26:18Z A generation 40: F=0.137960
2026-09-05T20:26:24Z A generation 50: F=0.137960
2026-09-05T20:26:31Z A generation 60: F=0.137960
2026-09-05T20:26:37Z A generation 70: F=0.137960
2026-09-05T20:26:44Z A generation 80: F=0.137960
2026-09-05T20:26:50Z A generation 90: F=0.137960
2026-09-05T20:26:56Z A generation 100: F=0.137960
2026-09-05T20:26:56Z A: gate1=0/100, selected=0
2026-09-05T20:26:56Z Trial 100/500: maximal
2026-09-05T20:27:04Z A generation 10: F=0.038576
2026-09-05T20:27:10Z A generation 20: F=0.112688
2026-09-05T20:27:17Z A generation 30: F=0.112688
2026-09-05T20:27:23Z A generation 40: F=0.112688
2026-09-05T20:27:29Z A generation 50: F=0.197008
2026-09-05T20:27:35Z A generation 60: F=0.197008
2026-09-05T20:27:42Z A generation 70: F=0.197008
2026-09-05T20:27:48Z A generation 80: F=0.197008
2026-09-05T20:27:54Z A generation 90: F=0.197008
2026-09-05T20:28:01Z A generation 100: F=0.197008
2026-09-05T20:28:01Z A: gate1=0/100, selected=0
2026-09-05T20:28:01Z Trial 101/500: maximal
2026-09-05T20:28:08Z A generation 10: F=0.171940
2026-09-05T20:28:14Z A generation 20: F=0.171940
2026-09-05T20:28:21Z A generation 30: F=0.171940
2026-09-05T20:28:27Z A generation 40: F=0.171940
2026-09-05T20:28:34Z A generation 50: F=0.171940
2026-09-05T20:28:40Z A generation 60: F=0.171940
2026-09-05T20:28:46Z A generation 70: F=0.171940
2026-09-05T20:28:52Z A generation 80: F=0.171940
2026-09-05T20:28:59Z A generation 90: F=0.193022
2026-09-05T20:29:05Z A generation 100: F=0.193022
2026-09-05T20:29:05Z A: gate1=0/100, selected=0
2026-09-05T20:29:05Z Trial 102/500: maximal
2026-09-05T20:29:12Z A generation 10: F=0.087029
2026-09-05T20:29:19Z A generation 20: F=0.124823
2026-09-05T20:29:25Z A generation 30: F=0.124823
2026-09-05T20:29:32Z A generation 40: F=0.190797
2026-09-05T20:29:38Z A generation 50: F=0.190797
2026-09-05T20:29:45Z A generation 60: F=0.204170
2026-09-05T20:29:52Z A generation 70: F=0.204170
2026-09-05T20:29:58Z A generation 80: F=0.204170
2026-09-05T20:30:05Z A generation 90: F=0.204170
2026-09-05T20:30:12Z A generation 100: F=0.208003
2026-09-05T20:30:12Z A: gate1=0/100, selected=0
2026-09-05T20:30:12Z Trial 103/500: maximal
2026-09-05T20:30:19Z A generation 10: F=0.100345
2026-09-05T20:30:25Z A generation 20: F=0.100345
2026-09-05T20:30:32Z A generation 30: F=0.107477
2026-09-05T20:30:39Z A generation 40: F=0.107477
2026-09-05T20:30:45Z A generation 50: F=0.113310
2026-09-05T20:30:52Z A generation 60: F=0.113310
2026-09-05T20:30:58Z A generation 70: F=0.113310
2026-09-05T20:31:04Z A generation 80: F=0.152660
2026-09-05T20:31:11Z A generation 90: F=0.152660
2026-09-05T20:31:17Z A generation 100: F=0.152660
2026-09-05T20:31:17Z A: gate1=0/100, selected=0
2026-09-05T20:31:17Z Trial 104/500: maximal
2026-09-05T20:31:25Z A generation 10: F=0.060563
2026-09-05T20:31:31Z A generation 20: F=0.078760
2026-09-05T20:31:37Z A generation 30: F=0.084280
2026-09-05T20:31:44Z A generation 40: F=0.090433
2026-09-05T20:31:50Z A generation 50: F=0.117219
2026-09-05T20:31:57Z A generation 60: F=0.117219
2026-09-05T20:32:03Z A generation 70: F=0.152081
2026-09-05T20:32:10Z A generation 80: F=0.152081
2026-09-05T20:32:16Z A generation 90: F=0.152081
2026-09-05T20:32:23Z A generation 100: F=0.156265
2026-09-05T20:32:23Z A: gate1=0/100, selected=0
2026-09-05T20:32:23Z Trial 105/500: maximal
2026-09-05T20:32:30Z A generation 10: F=0.080847
2026-09-05T20:32:36Z A generation 20: F=0.080847
2026-09-05T20:32:43Z A generation 30: F=0.080847
2026-09-05T20:32:49Z A generation 40: F=0.080847
2026-09-05T20:32:56Z A generation 50: F=0.080847
2026-09-05T20:33:02Z A generation 60: F=0.080847
2026-09-05T20:33:08Z A generation 70: F=0.095640
2026-09-05T20:33:14Z A generation 80: F=0.095640
2026-09-05T20:33:21Z A generation 90: F=0.095640
2026-09-05T20:33:27Z A generation 100: F=0.095640
2026-09-05T20:33:27Z A: gate1=0/100, selected=0
2026-09-05T20:33:27Z Trial 106/500: maximal
2026-09-05T20:33:34Z A generation 10: F=0.062554
2026-09-05T20:33:41Z A generation 20: F=0.073634
2026-09-05T20:33:47Z A generation 30: F=0.101556
2026-09-05T20:33:54Z A generation 40: F=0.101556
2026-09-05T20:34:00Z A generation 50: F=0.101556
2026-09-05T20:34:07Z A generation 60: F=0.101556
2026-09-05T20:34:13Z A generation 70: F=0.101556
2026-09-05T20:34:20Z A generation 80: F=0.101556
2026-09-05T20:34:26Z A generation 90: F=0.101556
2026-09-05T20:34:33Z A generation 100: F=0.101556
2026-09-05T20:34:33Z A: gate1=0/100, selected=0
2026-09-05T20:34:33Z Trial 107/500: maximal
2026-09-05T20:34:40Z A generation 10: F=0.054285
2026-09-05T20:34:46Z A generation 20: F=0.054344
2026-09-05T20:34:53Z A generation 30: F=0.054344
2026-09-05T20:34:59Z A generation 40: F=0.112199
2026-09-05T20:35:05Z A generation 50: F=0.112199
2026-09-05T20:35:12Z A generation 60: F=0.112199
2026-09-05T20:35:18Z A generation 70: F=0.112199
2026-09-05T20:35:24Z A generation 80: F=0.112199
2026-09-05T20:35:31Z A generation 90: F=0.112199
2026-09-05T20:35:37Z A generation 100: F=0.112199
2026-09-05T20:35:37Z A: gate1=0/100, selected=0
2026-09-05T20:35:37Z Trial 108/500: maximal
2026-09-05T20:35:44Z A generation 10: F=0.059113
2026-09-05T20:35:50Z A generation 20: F=0.088488
2026-09-05T20:35:57Z A generation 30: F=0.088488
2026-09-05T20:36:03Z A generation 40: F=0.088488
2026-09-05T20:36:10Z A generation 50: F=0.088488
2026-09-05T20:36:16Z A generation 60: F=0.118518
2026-09-05T20:36:22Z A generation 70: F=0.118518
2026-09-05T20:36:29Z A generation 80: F=0.118518
2026-09-05T20:36:35Z A generation 90: F=0.118518
2026-09-05T20:36:42Z A generation 100: F=0.118518
2026-09-05T20:36:42Z A: gate1=0/100, selected=0
2026-09-05T20:36:42Z Trial 109/500: maximal
2026-09-05T20:36:49Z A generation 10: F=0.036444
2026-09-05T20:36:55Z A generation 20: F=0.051767
2026-09-05T20:37:02Z A generation 30: F=0.073837
2026-09-05T20:37:08Z A generation 40: F=0.073837
2026-09-05T20:37:14Z A generation 50: F=0.102028
2026-09-05T20:37:20Z A generation 60: F=0.102028
2026-09-05T20:37:27Z A generation 70: F=0.102028
2026-09-05T20:37:33Z A generation 80: F=0.129368
2026-09-05T20:37:39Z A generation 90: F=0.129368
2026-09-05T20:37:46Z A generation 100: F=0.129368
2026-09-05T20:37:46Z A: gate1=0/100, selected=0
2026-09-05T20:37:46Z Trial 110/500: maximal
2026-09-05T20:37:53Z A generation 10: F=0.090460
2026-09-05T20:37:59Z A generation 20: F=0.140738
2026-09-05T20:38:06Z A generation 30: F=0.140738
2026-09-05T20:38:13Z A generation 40: F=0.206895
2026-09-05T20:38:19Z A generation 50: F=0.223916
2026-09-05T20:38:26Z A generation 60: F=0.241748
2026-09-05T20:38:33Z A generation 70: F=0.241748
2026-09-05T20:38:39Z A generation 80: F=0.241748
2026-09-05T20:38:46Z A generation 90: F=0.241884
2026-09-05T20:38:53Z A generation 100: F=0.361081
2026-09-05T20:38:53Z A: gate1=2/100, selected=2
2026-09-05T20:39:06Z B: F=0.380811, gate2=False
2026-09-05T20:39:20Z B: F=0.307063, gate2=False
2026-09-05T20:39:20Z Trial 111/500: maximal
2026-09-05T20:39:27Z A generation 10: F=0.047729
2026-09-05T20:39:33Z A generation 20: F=0.066541
2026-09-05T20:39:40Z A generation 30: F=0.097235
2026-09-05T20:39:46Z A generation 40: F=0.103820
2026-09-05T20:39:53Z A generation 50: F=0.197873
2026-09-05T20:39:59Z A generation 60: F=0.197873
2026-09-05T20:40:06Z A generation 70: F=0.197873
2026-09-05T20:40:12Z A generation 80: F=0.197873
2026-09-05T20:40:19Z A generation 90: F=0.197873
2026-09-05T20:40:25Z A generation 100: F=0.197873
2026-09-05T20:40:25Z A: gate1=0/100, selected=0
2026-09-05T20:40:25Z Trial 112/500: maximal
2026-09-05T20:40:33Z A generation 10: F=0.054999
2026-09-05T20:40:39Z A generation 20: F=0.064447
2026-09-05T20:40:46Z A generation 30: F=0.206754
2026-09-05T20:40:52Z A generation 40: F=0.206754
2026-09-05T20:40:59Z A generation 50: F=0.206754
2026-09-05T20:41:05Z A generation 60: F=0.285576
2026-09-05T20:41:12Z A generation 70: F=0.285576
2026-09-05T20:41:18Z A generation 80: F=0.285576
2026-09-05T20:41:24Z A generation 90: F=0.285576
2026-09-05T20:41:31Z A generation 100: F=0.285576
2026-09-05T20:41:31Z A: gate1=0/100, selected=0
2026-09-05T20:41:31Z Trial 113/500: maximal
2026-09-05T20:41:38Z A generation 10: F=0.048556
2026-09-05T20:41:45Z A generation 20: F=0.053891
2026-09-05T20:41:51Z A generation 30: F=0.069610
2026-09-05T20:41:58Z A generation 40: F=0.081766
2026-09-05T20:42:04Z A generation 50: F=0.081766
2026-09-05T20:42:10Z A generation 60: F=0.101503
2026-09-05T20:42:17Z A generation 70: F=0.101503
2026-09-05T20:42:23Z A generation 80: F=0.120473
2026-09-05T20:42:30Z A generation 90: F=0.120473
2026-09-05T20:42:37Z A generation 100: F=0.154696
2026-09-05T20:42:37Z A: gate1=0/100, selected=0
2026-09-05T20:42:37Z Trial 114/500: maximal
2026-09-05T20:42:44Z A generation 10: F=0.105830
2026-09-05T20:42:50Z A generation 20: F=0.105830
2026-09-05T20:42:57Z A generation 30: F=0.105830
2026-09-05T20:43:03Z A generation 40: F=0.105830
2026-09-05T20:43:09Z A generation 50: F=0.153756
2026-09-05T20:43:16Z A generation 60: F=0.153756
2026-09-05T20:43:22Z A generation 70: F=0.153756
2026-09-05T20:43:29Z A generation 80: F=0.153756
2026-09-05T20:43:35Z A generation 90: F=0.153756
2026-09-05T20:43:42Z A generation 100: F=0.153756
2026-09-05T20:43:42Z A: gate1=0/100, selected=0
2026-09-05T20:43:42Z Trial 115/500: maximal
2026-09-05T20:43:49Z A generation 10: F=0.047716
2026-09-05T20:43:55Z A generation 20: F=0.062795
2026-09-05T20:44:02Z A generation 30: F=0.084328
2026-09-05T20:44:08Z A generation 40: F=0.089788
2026-09-05T20:44:15Z A generation 50: F=0.107346
2026-09-05T20:44:21Z A generation 60: F=0.139476
2026-09-05T20:44:28Z A generation 70: F=0.148776
2026-09-05T20:44:35Z A generation 80: F=0.148776
2026-09-05T20:44:41Z A generation 90: F=0.148776
2026-09-05T20:44:48Z A generation 100: F=0.148776
2026-09-05T20:44:48Z A: gate1=0/100, selected=0
2026-09-05T20:44:48Z Trial 116/500: maximal
2026-09-05T20:44:55Z A generation 10: F=0.033089
2026-09-05T20:45:02Z A generation 20: F=0.044378
2026-09-05T20:45:08Z A generation 30: F=0.141783
2026-09-05T20:45:15Z A generation 40: F=0.141783
2026-09-05T20:45:21Z A generation 50: F=0.141783
2026-09-05T20:45:27Z A generation 60: F=0.141783
2026-09-05T20:45:34Z A generation 70: F=0.162102
2026-09-05T20:45:40Z A generation 80: F=0.185269
2026-09-05T20:45:47Z A generation 90: F=0.185269
2026-09-05T20:45:54Z A generation 100: F=0.185269
2026-09-05T20:45:54Z A: gate1=0/100, selected=0
2026-09-05T20:45:54Z Trial 117/500: maximal
2026-09-05T20:46:01Z A generation 10: F=0.053179
2026-09-05T20:46:07Z A generation 20: F=0.068590
2026-09-05T20:46:13Z A generation 30: F=0.071367
2026-09-05T20:46:20Z A generation 40: F=0.071367
2026-09-05T20:46:26Z A generation 50: F=0.072330
2026-09-05T20:46:33Z A generation 60: F=0.101565
2026-09-05T20:46:40Z A generation 70: F=0.115381
2026-09-05T20:46:46Z A generation 80: F=0.154223
2026-09-05T20:46:53Z A generation 90: F=0.154223
2026-09-05T20:46:59Z A generation 100: F=0.154223
2026-09-05T20:46:59Z A: gate1=0/100, selected=0
2026-09-05T20:46:59Z Trial 118/500: maximal
2026-09-05T20:47:06Z A generation 10: F=0.053226
2026-09-05T20:47:13Z A generation 20: F=0.059526
2026-09-05T20:47:19Z A generation 30: F=0.122499
2026-09-05T20:47:26Z A generation 40: F=0.122499
2026-09-05T20:47:32Z A generation 50: F=0.133100
2026-09-05T20:47:39Z A generation 60: F=0.141017
2026-09-05T20:47:46Z A generation 70: F=0.182785
2026-09-05T20:47:52Z A generation 80: F=0.364583
2026-09-05T20:47:59Z A generation 90: F=0.364583
2026-09-05T20:48:05Z A generation 100: F=0.364583
2026-09-05T20:48:05Z A: gate1=0/100, selected=0
2026-09-05T20:48:05Z Trial 119/500: maximal
2026-09-05T20:48:12Z A generation 10: F=0.059204
2026-09-05T20:48:19Z A generation 20: F=0.065724
2026-09-05T20:48:25Z A generation 30: F=0.065724
2026-09-05T20:48:32Z A generation 40: F=0.128973
2026-09-05T20:48:38Z A generation 50: F=0.128973
2026-09-05T20:48:44Z A generation 60: F=0.225543
2026-09-05T20:48:51Z A generation 70: F=0.225543
2026-09-05T20:48:57Z A generation 80: F=0.225543
2026-09-05T20:49:03Z A generation 90: F=0.225543
2026-09-05T20:49:10Z A generation 100: F=0.225543
2026-09-05T20:49:10Z A: gate1=0/100, selected=0
2026-09-05T20:49:10Z Trial 120/500: maximal
2026-09-05T20:49:17Z A generation 10: F=0.036933
2026-09-05T20:49:23Z A generation 20: F=0.226499
2026-09-05T20:49:30Z A generation 30: F=0.226499
2026-09-05T20:49:36Z A generation 40: F=0.226499
2026-09-05T20:49:43Z A generation 50: F=0.226499
2026-09-05T20:49:49Z A generation 60: F=0.226499
2026-09-05T20:49:56Z A generation 70: F=0.226499
2026-09-05T20:50:02Z A generation 80: F=0.226499
2026-09-05T20:50:09Z A generation 90: F=0.226499
2026-09-05T20:50:15Z A generation 100: F=0.226499
2026-09-05T20:50:15Z A: gate1=0/100, selected=0
2026-09-05T20:50:15Z Trial 121/500: maximal
2026-09-05T20:50:22Z A generation 10: F=0.044197
2026-09-05T20:50:29Z A generation 20: F=0.052871
2026-09-05T20:50:35Z A generation 30: F=0.112959
2026-09-05T20:50:41Z A generation 40: F=0.112959
2026-09-05T20:50:48Z A generation 50: F=0.113814
2026-09-05T20:50:54Z A generation 60: F=0.113814
2026-09-05T20:51:00Z A generation 70: F=0.113814
2026-09-05T20:51:06Z A generation 80: F=0.113814
2026-09-05T20:51:13Z A generation 90: F=0.113814
2026-09-05T20:51:19Z A generation 100: F=0.113814
2026-09-05T20:51:19Z A: gate1=0/100, selected=0
2026-09-05T20:51:19Z Trial 122/500: maximal
2026-09-05T20:51:26Z A generation 10: F=0.069007
2026-09-05T20:51:33Z A generation 20: F=0.069007
2026-09-05T20:51:39Z A generation 30: F=0.069007
2026-09-05T20:51:45Z A generation 40: F=0.088642
2026-09-05T20:51:52Z A generation 50: F=0.088642
2026-09-05T20:51:58Z A generation 60: F=0.088642
2026-09-05T20:52:04Z A generation 70: F=0.088642
2026-09-05T20:52:11Z A generation 80: F=0.088642
2026-09-05T20:52:17Z A generation 90: F=0.088642
2026-09-05T20:52:24Z A generation 100: F=0.090293
2026-09-05T20:52:24Z A: gate1=0/100, selected=0
2026-09-05T20:52:24Z Trial 123/500: maximal
2026-09-05T20:52:31Z A generation 10: F=0.047589
2026-09-05T20:52:37Z A generation 20: F=0.066538
2026-09-05T20:52:44Z A generation 30: F=0.067106
2026-09-05T20:52:50Z A generation 40: F=0.121420
2026-09-05T20:52:56Z A generation 50: F=0.139642
2026-09-05T20:53:03Z A generation 60: F=0.139642
2026-09-05T20:53:09Z A generation 70: F=0.139642
2026-09-05T20:53:16Z A generation 80: F=0.193448
2026-09-05T20:53:22Z A generation 90: F=0.193448
2026-09-05T20:53:28Z A generation 100: F=0.193448
2026-09-05T20:53:28Z A: gate1=0/100, selected=0
2026-09-05T20:53:28Z Trial 124/500: maximal
2026-09-05T20:53:36Z A generation 10: F=0.195754
2026-09-05T20:53:42Z A generation 20: F=0.195754
2026-09-05T20:53:49Z A generation 30: F=0.195754
2026-09-05T20:53:55Z A generation 40: F=0.195754
2026-09-05T20:54:01Z A generation 50: F=0.195754
2026-09-05T20:54:08Z A generation 60: F=0.195754
2026-09-05T20:54:15Z A generation 70: F=0.195754
2026-09-05T20:54:21Z A generation 80: F=0.195754
2026-09-05T20:54:28Z A generation 90: F=0.195754
2026-09-05T20:54:34Z A generation 100: F=0.195754
2026-09-05T20:54:34Z A: gate1=0/100, selected=0
2026-09-05T20:54:34Z Trial 125/500: maximal
2026-09-05T20:54:42Z A generation 10: F=0.041710
2026-09-05T20:54:48Z A generation 20: F=0.066869
2026-09-05T20:54:54Z A generation 30: F=0.086517
2026-09-05T20:55:01Z A generation 40: F=0.086517
2026-09-05T20:55:07Z A generation 50: F=0.090065
2026-09-05T20:55:14Z A generation 60: F=0.109519
2026-09-05T20:55:20Z A generation 70: F=0.113400
2026-09-05T20:55:27Z A generation 80: F=0.128534
2026-09-05T20:55:33Z A generation 90: F=0.128534
2026-09-05T20:55:40Z A generation 100: F=0.189602
2026-09-05T20:55:40Z A: gate1=0/100, selected=0
2026-09-05T20:55:40Z Trial 126/500: maximal
2026-09-05T20:55:47Z A generation 10: F=0.040623
2026-09-05T20:55:54Z A generation 20: F=0.051592
2026-09-05T20:56:00Z A generation 30: F=0.077721
2026-09-05T20:56:07Z A generation 40: F=0.077721
2026-09-05T20:56:13Z A generation 50: F=0.077721
2026-09-05T20:56:20Z A generation 60: F=0.077721
2026-09-05T20:56:26Z A generation 70: F=0.077721
2026-09-05T20:56:33Z A generation 80: F=0.077721
2026-09-05T20:56:39Z A generation 90: F=0.105831
2026-09-05T20:56:46Z A generation 100: F=0.108601
2026-09-05T20:56:46Z A: gate1=0/100, selected=0
2026-09-05T20:56:46Z Trial 127/500: maximal
2026-09-05T20:56:53Z A generation 10: F=0.031232
2026-09-05T20:56:59Z A generation 20: F=0.051055
2026-09-05T20:57:06Z A generation 30: F=0.076173
2026-09-05T20:57:12Z A generation 40: F=0.079070
2026-09-05T20:57:18Z A generation 50: F=0.095678
2026-09-05T20:57:25Z A generation 60: F=0.095678
2026-09-05T20:57:31Z A generation 70: F=0.095678
2026-09-05T20:57:37Z A generation 80: F=0.095678
2026-09-05T20:57:44Z A generation 90: F=0.103151
2026-09-05T20:57:50Z A generation 100: F=0.130308
2026-09-05T20:57:50Z A: gate1=0/100, selected=0
2026-09-05T20:57:50Z Trial 128/500: maximal
2026-09-05T20:57:57Z A generation 10: F=0.034637
2026-09-05T20:58:04Z A generation 20: F=0.072869
2026-09-05T20:58:10Z A generation 30: F=0.139545
2026-09-05T20:58:17Z A generation 40: F=0.175577
2026-09-05T20:58:23Z A generation 50: F=0.180938
2026-09-05T20:58:30Z A generation 60: F=0.180938
2026-09-05T20:58:37Z A generation 70: F=0.202292
2026-09-05T20:58:43Z A generation 80: F=0.212041
2026-09-05T20:58:50Z A generation 90: F=0.212041
2026-09-05T20:58:56Z A generation 100: F=0.212041
2026-09-05T20:58:56Z A: gate1=2/100, selected=1
2026-09-05T20:59:10Z B: F=0.341708, gate2=False
2026-09-05T20:59:10Z Trial 129/500: maximal
2026-09-05T20:59:17Z A generation 10: F=0.037133
2026-09-05T20:59:23Z A generation 20: F=0.107186
2026-09-05T20:59:30Z A generation 30: F=0.107186
2026-09-05T20:59:36Z A generation 40: F=0.107186
2026-09-05T20:59:42Z A generation 50: F=0.107949
2026-09-05T20:59:49Z A generation 60: F=0.116886
2026-09-05T20:59:55Z A generation 70: F=0.171749
2026-09-05T21:00:01Z A generation 80: F=0.236928
2026-09-05T21:00:08Z A generation 90: F=0.236928
2026-09-05T21:00:14Z A generation 100: F=0.236928
2026-09-05T21:00:14Z A: gate1=0/100, selected=0
2026-09-05T21:00:14Z Trial 130/500: maximal
2026-09-05T21:00:21Z A generation 10: F=0.089821
2026-09-05T21:00:28Z A generation 20: F=0.089821
2026-09-05T21:00:34Z A generation 30: F=0.089821
2026-09-05T21:00:40Z A generation 40: F=0.089821
2026-09-05T21:00:47Z A generation 50: F=0.089821
2026-09-05T21:00:53Z A generation 60: F=0.094993
2026-09-05T21:01:00Z A generation 70: F=0.096352
2026-09-05T21:01:06Z A generation 80: F=0.105859
2026-09-05T21:01:13Z A generation 90: F=0.105859
2026-09-05T21:01:19Z A generation 100: F=0.111632
2026-09-05T21:01:19Z A: gate1=0/100, selected=0
2026-09-05T21:01:19Z Trial 131/500: maximal
2026-09-05T21:01:27Z A generation 10: F=0.099010
2026-09-05T21:01:33Z A generation 20: F=0.099010
2026-09-05T21:01:39Z A generation 30: F=0.099010
2026-09-05T21:01:46Z A generation 40: F=0.099010
2026-09-05T21:01:53Z A generation 50: F=0.099010
2026-09-05T21:01:59Z A generation 60: F=0.099010
2026-09-05T21:02:06Z A generation 70: F=0.153335
2026-09-05T21:02:12Z A generation 80: F=0.153335
2026-09-05T21:02:19Z A generation 90: F=0.153335
2026-09-05T21:02:25Z A generation 100: F=0.153335
2026-09-05T21:02:25Z A: gate1=0/100, selected=0
2026-09-05T21:02:25Z Trial 132/500: maximal
2026-09-05T21:02:33Z A generation 10: F=0.052062
2026-09-05T21:02:39Z A generation 20: F=0.053049
2026-09-05T21:02:45Z A generation 30: F=0.162623
2026-09-05T21:02:52Z A generation 40: F=0.162623
2026-09-05T21:02:58Z A generation 50: F=0.162623
2026-09-05T21:03:04Z A generation 60: F=0.162623
2026-09-05T21:03:10Z A generation 70: F=0.162623
2026-09-05T21:03:17Z A generation 80: F=0.162623
2026-09-05T21:03:23Z A generation 90: F=0.162623
2026-09-05T21:03:29Z A generation 100: F=0.162623
2026-09-05T21:03:29Z A: gate1=0/100, selected=0
2026-09-05T21:03:29Z Trial 133/500: maximal
2026-09-05T21:03:36Z A generation 10: F=0.037462
2026-09-05T21:03:43Z A generation 20: F=0.057078
2026-09-05T21:03:49Z A generation 30: F=0.065475
2026-09-05T21:03:56Z A generation 40: F=0.168871
2026-09-05T21:04:02Z A generation 50: F=0.168871
2026-09-05T21:04:09Z A generation 60: F=0.168871
2026-09-05T21:04:15Z A generation 70: F=0.168871
2026-09-05T21:04:22Z A generation 80: F=0.168871
2026-09-05T21:04:28Z A generation 90: F=0.168871
2026-09-05T21:04:35Z A generation 100: F=0.168871
2026-09-05T21:04:35Z A: gate1=0/100, selected=0
2026-09-05T21:04:35Z Trial 134/500: maximal
2026-09-05T21:04:42Z A generation 10: F=0.059934
2026-09-05T21:04:49Z A generation 20: F=0.075234
2026-09-05T21:04:55Z A generation 30: F=0.240644
2026-09-05T21:05:02Z A generation 40: F=0.240644
2026-09-05T21:05:08Z A generation 50: F=0.240644
2026-09-05T21:05:15Z A generation 60: F=0.240644
2026-09-05T21:05:21Z A generation 70: F=0.240644
2026-09-05T21:05:28Z A generation 80: F=0.262946
2026-09-05T21:05:34Z A generation 90: F=0.263492
2026-09-05T21:05:41Z A generation 100: F=0.288363
2026-09-05T21:05:41Z A: gate1=0/100, selected=0
2026-09-05T21:05:41Z Trial 135/500: maximal
2026-09-05T21:05:48Z A generation 10: F=0.067219
2026-09-05T21:05:55Z A generation 20: F=0.108099
2026-09-05T21:06:01Z A generation 30: F=0.108099
2026-09-05T21:06:07Z A generation 40: F=0.108099
2026-09-05T21:06:13Z A generation 50: F=0.121220
2026-09-05T21:06:20Z A generation 60: F=0.121220
2026-09-05T21:06:26Z A generation 70: F=0.121220
2026-09-05T21:06:33Z A generation 80: F=0.121220
2026-09-05T21:06:39Z A generation 90: F=0.122710
2026-09-05T21:06:46Z A generation 100: F=0.122710
2026-09-05T21:06:46Z A: gate1=0/100, selected=0
2026-09-05T21:06:46Z Trial 136/500: maximal
2026-09-05T21:06:53Z A generation 10: F=0.051134
2026-09-05T21:06:59Z A generation 20: F=0.068954
2026-09-05T21:07:06Z A generation 30: F=0.111091
2026-09-05T21:07:12Z A generation 40: F=0.120277
2026-09-05T21:07:19Z A generation 50: F=0.153796
2026-09-05T21:07:26Z A generation 60: F=0.196981
2026-09-05T21:07:32Z A generation 70: F=0.281681
2026-09-05T21:07:39Z A generation 80: F=0.286459
2026-09-05T21:07:45Z A generation 90: F=0.286459
2026-09-05T21:07:52Z A generation 100: F=0.286459
2026-09-05T21:07:52Z A: gate1=2/100, selected=1
2026-09-05T21:08:06Z B: F=0.425789, gate2=False
2026-09-05T21:08:06Z Trial 137/500: maximal
2026-09-05T21:08:13Z A generation 10: F=0.061350
2026-09-05T21:08:20Z A generation 20: F=0.061350
2026-09-05T21:08:26Z A generation 30: F=0.080262
2026-09-05T21:08:33Z A generation 40: F=0.080262
2026-09-05T21:08:39Z A generation 50: F=0.082474
2026-09-05T21:08:46Z A generation 60: F=0.082474
2026-09-05T21:08:52Z A generation 70: F=0.082474
2026-09-05T21:08:58Z A generation 80: F=0.082474
2026-09-05T21:09:04Z A generation 90: F=0.082618
2026-09-05T21:09:11Z A generation 100: F=0.082618
2026-09-05T21:09:11Z A: gate1=0/100, selected=0
2026-09-05T21:09:11Z Trial 138/500: maximal
2026-09-05T21:09:18Z A generation 10: F=0.041825
2026-09-05T21:09:25Z A generation 20: F=0.086979
2026-09-05T21:09:31Z A generation 30: F=0.132140
2026-09-05T21:09:37Z A generation 40: F=0.234083
2026-09-05T21:09:44Z A generation 50: F=0.234083
2026-09-05T21:09:50Z A generation 60: F=0.234083
2026-09-05T21:09:56Z A generation 70: F=0.234083
2026-09-05T21:10:03Z A generation 80: F=0.234083
2026-09-05T21:10:09Z A generation 90: F=0.234083
2026-09-05T21:10:15Z A generation 100: F=0.234083
2026-09-05T21:10:15Z A: gate1=0/100, selected=0
2026-09-05T21:10:15Z Trial 139/500: maximal
2026-09-05T21:10:22Z A generation 10: F=0.044713
2026-09-05T21:10:29Z A generation 20: F=0.062203
2026-09-05T21:10:36Z A generation 30: F=0.097827
2026-09-05T21:10:42Z A generation 40: F=0.121181
2026-09-05T21:10:49Z A generation 50: F=0.121181
2026-09-05T21:10:56Z A generation 60: F=0.121181
2026-09-05T21:11:02Z A generation 70: F=0.121181
2026-09-05T21:11:09Z A generation 80: F=0.121181
2026-09-05T21:11:15Z A generation 90: F=0.121181
2026-09-05T21:11:22Z A generation 100: F=0.121181
2026-09-05T21:11:22Z A: gate1=0/100, selected=0
2026-09-05T21:11:22Z Trial 140/500: maximal
2026-09-05T21:11:29Z A generation 10: F=0.051963
2026-09-05T21:11:36Z A generation 20: F=0.079461
2026-09-05T21:11:42Z A generation 30: F=0.112957
2026-09-05T21:11:49Z A generation 40: F=0.112957
2026-09-05T21:11:55Z A generation 50: F=0.112957
2026-09-05T21:12:02Z A generation 60: F=0.112957
2026-09-05T21:12:08Z A generation 70: F=0.165144
2026-09-05T21:12:14Z A generation 80: F=0.165144
2026-09-05T21:12:21Z A generation 90: F=0.165144
2026-09-05T21:12:27Z A generation 100: F=0.165144
2026-09-05T21:12:27Z A: gate1=0/100, selected=0
2026-09-05T21:12:27Z Trial 141/500: maximal
2026-09-05T21:12:35Z A generation 10: F=0.051288
2026-09-05T21:12:41Z A generation 20: F=0.068266
2026-09-05T21:12:48Z A generation 30: F=0.123871
2026-09-05T21:12:55Z A generation 40: F=0.189543
2026-09-05T21:13:01Z A generation 50: F=0.217728
2026-09-05T21:13:08Z A generation 60: F=0.217728
2026-09-05T21:13:15Z A generation 70: F=0.217728
2026-09-05T21:13:21Z A generation 80: F=0.217728
2026-09-05T21:13:28Z A generation 90: F=0.217728
2026-09-05T21:13:35Z A generation 100: F=0.217728
2026-09-05T21:13:35Z A: gate1=0/100, selected=0
2026-09-05T21:13:35Z Trial 142/500: maximal
2026-09-05T21:13:42Z A generation 10: F=0.040091
2026-09-05T21:13:48Z A generation 20: F=0.047189
2026-09-05T21:13:55Z A generation 30: F=0.047189
2026-09-05T21:14:01Z A generation 40: F=0.054573
2026-09-05T21:14:08Z A generation 50: F=0.064818
2026-09-05T21:14:14Z A generation 60: F=0.116721
2026-09-05T21:14:21Z A generation 70: F=0.116721
2026-09-05T21:14:27Z A generation 80: F=0.116721
2026-09-05T21:14:34Z A generation 90: F=0.116721
2026-09-05T21:14:41Z A generation 100: F=0.116721
2026-09-05T21:14:41Z A: gate1=0/100, selected=0
2026-09-05T21:14:41Z Trial 143/500: maximal
2026-09-05T21:14:48Z A generation 10: F=0.043911
2026-09-05T21:14:54Z A generation 20: F=0.053165
2026-09-05T21:15:01Z A generation 30: F=0.074315
2026-09-05T21:15:07Z A generation 40: F=0.109451
2026-09-05T21:15:14Z A generation 50: F=0.117897
2026-09-05T21:15:21Z A generation 60: F=0.122754
2026-09-05T21:15:27Z A generation 70: F=0.137271
2026-09-05T21:15:34Z A generation 80: F=0.137271
2026-09-05T21:15:40Z A generation 90: F=0.182514
2026-09-05T21:15:47Z A generation 100: F=0.182514
2026-09-05T21:15:47Z A: gate1=0/100, selected=0
2026-09-05T21:15:47Z Trial 144/500: maximal
2026-09-05T21:15:54Z A generation 10: F=0.052836
2026-09-05T21:16:01Z A generation 20: F=0.107199
2026-09-05T21:16:07Z A generation 30: F=0.245781
2026-09-05T21:16:14Z A generation 40: F=0.245781
2026-09-05T21:16:21Z A generation 50: F=0.279132
2026-09-05T21:16:27Z A generation 60: F=0.279132
2026-09-05T21:16:34Z A generation 70: F=0.279132
2026-09-05T21:16:41Z A generation 80: F=0.279132
2026-09-05T21:16:48Z A generation 90: F=0.294996
2026-09-05T21:16:54Z A generation 100: F=0.331706
2026-09-05T21:16:54Z A: gate1=3/100, selected=2
2026-09-05T21:17:08Z B: F=0.428750, gate2=False
2026-09-05T21:17:22Z B: F=0.424275, gate2=False
2026-09-05T21:17:22Z Trial 145/500: maximal
2026-09-05T21:17:29Z A generation 10: F=0.061375
2026-09-05T21:17:36Z A generation 20: F=0.114603
2026-09-05T21:17:42Z A generation 30: F=0.249758
2026-09-05T21:17:49Z A generation 40: F=0.249758
2026-09-05T21:17:55Z A generation 50: F=0.249758
2026-09-05T21:18:02Z A generation 60: F=0.249758
2026-09-05T21:18:08Z A generation 70: F=0.249758
2026-09-05T21:18:15Z A generation 80: F=0.249758
2026-09-05T21:18:21Z A generation 90: F=0.249758
2026-09-05T21:18:28Z A generation 100: F=0.249758
2026-09-05T21:18:28Z A: gate1=0/100, selected=0
2026-09-05T21:18:28Z Trial 146/500: maximal
2026-09-05T21:18:35Z A generation 10: F=0.052255
2026-09-05T21:18:42Z A generation 20: F=0.076845
2026-09-05T21:18:48Z A generation 30: F=0.076845
2026-09-05T21:18:55Z A generation 40: F=0.076845
2026-09-05T21:19:01Z A generation 50: F=0.082762
2026-09-05T21:19:08Z A generation 60: F=0.082762
2026-09-05T21:19:14Z A generation 70: F=0.082762
2026-09-05T21:19:20Z A generation 80: F=0.082762
2026-09-05T21:19:27Z A generation 90: F=0.085954
2026-09-05T21:19:33Z A generation 100: F=0.099031
2026-09-05T21:19:33Z A: gate1=0/100, selected=0
2026-09-05T21:19:33Z Trial 147/500: maximal
2026-09-05T21:19:41Z A generation 10: F=0.057406
2026-09-05T21:19:47Z A generation 20: F=0.091464
2026-09-05T21:19:54Z A generation 30: F=0.097033
2026-09-05T21:20:00Z A generation 40: F=0.134561
2026-09-05T21:20:07Z A generation 50: F=0.134561
2026-09-05T21:20:13Z A generation 60: F=0.207400
2026-09-05T21:20:19Z A generation 70: F=0.207400
2026-09-05T21:20:26Z A generation 80: F=0.207400
2026-09-05T21:20:32Z A generation 90: F=0.207400
2026-09-05T21:20:39Z A generation 100: F=0.207400
2026-09-05T21:20:39Z A: gate1=2/100, selected=1
2026-09-05T21:20:52Z B: F=0.301371, gate2=False
2026-09-05T21:20:52Z Trial 148/500: maximal
2026-09-05T21:20:59Z A generation 10: F=0.084195
2026-09-05T21:21:05Z A generation 20: F=0.084195
2026-09-05T21:21:12Z A generation 30: F=0.084195
2026-09-05T21:21:18Z A generation 40: F=0.110491
2026-09-05T21:21:25Z A generation 50: F=0.110491
2026-09-05T21:21:31Z A generation 60: F=0.110491
2026-09-05T21:21:38Z A generation 70: F=0.138164
2026-09-05T21:21:44Z A generation 80: F=0.138164
2026-09-05T21:21:51Z A generation 90: F=0.138164
2026-09-05T21:21:57Z A generation 100: F=0.138164
2026-09-05T21:21:57Z A: gate1=0/100, selected=0
2026-09-05T21:21:57Z Trial 149/500: maximal
2026-09-05T21:22:04Z A generation 10: F=0.032416
2026-09-05T21:22:11Z A generation 20: F=0.058864
2026-09-05T21:22:18Z A generation 30: F=0.137394
2026-09-05T21:22:25Z A generation 40: F=0.137394
2026-09-05T21:22:32Z A generation 50: F=0.187379
2026-09-05T21:22:38Z A generation 60: F=0.187379
2026-09-05T21:22:45Z A generation 70: F=0.187379
2026-09-05T21:22:52Z A generation 80: F=0.187379
2026-09-05T21:22:58Z A generation 90: F=0.187379
2026-09-05T21:23:05Z A generation 100: F=0.187379
2026-09-05T21:23:05Z A: gate1=0/100, selected=0
2026-09-05T21:23:05Z Trial 150/500: maximal
2026-09-05T21:23:12Z A generation 10: F=0.059829
2026-09-05T21:23:20Z A generation 20: F=0.059829
2026-09-05T21:23:27Z A generation 30: F=0.063382
2026-09-05T21:23:33Z A generation 40: F=0.075698
2026-09-05T21:23:40Z A generation 50: F=0.075698
2026-09-05T21:23:46Z A generation 60: F=0.092670
2026-09-05T21:23:53Z A generation 70: F=0.092670
2026-09-05T21:24:00Z A generation 80: F=0.092670
2026-09-05T21:24:06Z A generation 90: F=0.096613
2026-09-05T21:24:13Z A generation 100: F=0.096613
2026-09-05T21:24:13Z A: gate1=0/100, selected=0
2026-09-05T21:24:13Z Trial 151/500: maximal
2026-09-05T21:24:20Z A generation 10: F=0.039775
2026-09-05T21:24:26Z A generation 20: F=0.048609
2026-09-05T21:24:33Z A generation 30: F=0.080704
2026-09-05T21:24:40Z A generation 40: F=0.150538
2026-09-05T21:24:46Z A generation 50: F=0.150538
2026-09-05T21:24:53Z A generation 60: F=0.150538
2026-09-05T21:24:59Z A generation 70: F=0.150538
2026-09-05T21:25:06Z A generation 80: F=0.150538
2026-09-05T21:25:12Z A generation 90: F=0.150538
2026-09-05T21:25:19Z A generation 100: F=0.150538
2026-09-05T21:25:19Z A: gate1=0/100, selected=0
2026-09-05T21:25:19Z Trial 152/500: maximal
2026-09-05T21:25:26Z A generation 10: F=0.042929
2026-09-05T21:25:33Z A generation 20: F=0.064112
2026-09-05T21:25:39Z A generation 30: F=0.064112
2026-09-05T21:25:46Z A generation 40: F=0.068047
2026-09-05T21:25:53Z A generation 50: F=0.090785
2026-09-05T21:26:00Z A generation 60: F=0.090785
2026-09-05T21:26:07Z A generation 70: F=0.090785
2026-09-05T21:26:13Z A generation 80: F=0.090785
2026-09-05T21:26:21Z A generation 90: F=0.094224
2026-09-05T21:26:28Z A generation 100: F=0.239732
2026-09-05T21:26:28Z A: gate1=1/100, selected=1
2026-09-05T21:26:42Z B: F=0.334487, gate2=False
2026-09-05T21:26:42Z Trial 153/500: maximal
2026-09-05T21:26:49Z A generation 10: F=0.070843
2026-09-05T21:26:55Z A generation 20: F=0.070843
2026-09-05T21:27:02Z A generation 30: F=0.091596
2026-09-05T21:27:08Z A generation 40: F=0.097026
2026-09-05T21:27:14Z A generation 50: F=0.097964
2026-09-05T21:27:20Z A generation 60: F=0.105322
2026-09-05T21:27:27Z A generation 70: F=0.105322
2026-09-05T21:27:33Z A generation 80: F=0.105322
2026-09-05T21:27:39Z A generation 90: F=0.105322
2026-09-05T21:27:45Z A generation 100: F=0.111975
2026-09-05T21:27:45Z A: gate1=0/100, selected=0
2026-09-05T21:27:45Z Trial 154/500: maximal
2026-09-05T21:27:52Z A generation 10: F=0.076744
2026-09-05T21:27:59Z A generation 20: F=0.076744
2026-09-05T21:28:05Z A generation 30: F=0.076744
2026-09-05T21:28:12Z A generation 40: F=0.094771
2026-09-05T21:28:18Z A generation 50: F=0.106263
2026-09-05T21:28:25Z A generation 60: F=0.106263
2026-09-05T21:28:31Z A generation 70: F=0.129602
2026-09-05T21:28:38Z A generation 80: F=0.129602
2026-09-05T21:28:44Z A generation 90: F=0.129602
2026-09-05T21:28:51Z A generation 100: F=0.129602
2026-09-05T21:28:51Z A: gate1=0/100, selected=0
2026-09-05T21:28:51Z Trial 155/500: maximal
2026-09-05T21:28:58Z A generation 10: F=0.037098
2026-09-05T21:29:05Z A generation 20: F=0.060290
2026-09-05T21:29:12Z A generation 30: F=0.092849
2026-09-05T21:29:18Z A generation 40: F=0.092849
2026-09-05T21:29:25Z A generation 50: F=0.092849
2026-09-05T21:29:31Z A generation 60: F=0.092849
2026-09-05T21:29:38Z A generation 70: F=0.092849
2026-09-05T21:29:44Z A generation 80: F=0.110069
2026-09-05T21:29:51Z A generation 90: F=0.147472
2026-09-05T21:29:57Z A generation 100: F=0.147472
2026-09-05T21:29:57Z A: gate1=0/100, selected=0
2026-09-05T21:29:57Z Trial 156/500: maximal
2026-09-05T21:30:05Z A generation 10: F=0.038369
2026-09-05T21:30:11Z A generation 20: F=0.108709
2026-09-05T21:30:17Z A generation 30: F=0.108709
2026-09-05T21:30:24Z A generation 40: F=0.108709
2026-09-05T21:30:31Z A generation 50: F=0.125113
2026-09-05T21:30:37Z A generation 60: F=0.125113
2026-09-05T21:30:44Z A generation 70: F=0.125113
2026-09-05T21:30:50Z A generation 80: F=0.125113
2026-09-05T21:30:56Z A generation 90: F=0.125113
2026-09-05T21:31:03Z A generation 100: F=0.125113
2026-09-05T21:31:03Z A: gate1=0/100, selected=0
2026-09-05T21:31:03Z Trial 157/500: maximal
2026-09-05T21:31:10Z A generation 10: F=0.050931
2026-09-05T21:31:17Z A generation 20: F=0.128434
2026-09-05T21:31:23Z A generation 30: F=0.134273
2026-09-05T21:31:30Z A generation 40: F=0.198388
2026-09-05T21:31:36Z A generation 50: F=0.296302
2026-09-05T21:31:42Z A generation 60: F=0.296302
2026-09-05T21:31:49Z A generation 70: F=0.314203
2026-09-05T21:31:55Z A generation 80: F=0.314203
2026-09-05T21:32:01Z A generation 90: F=0.314203
2026-09-05T21:32:08Z A generation 100: F=0.314203
2026-09-05T21:32:08Z A: gate1=0/100, selected=0
2026-09-05T21:32:08Z Trial 158/500: maximal
2026-09-05T21:32:15Z A generation 10: F=0.069080
2026-09-05T21:32:21Z A generation 20: F=0.069080
2026-09-05T21:32:27Z A generation 30: F=0.069080
2026-09-05T21:32:34Z A generation 40: F=0.069080
2026-09-05T21:32:40Z A generation 50: F=0.109706
2026-09-05T21:32:46Z A generation 60: F=0.109706
2026-09-05T21:32:53Z A generation 70: F=0.145584
2026-09-05T21:32:59Z A generation 80: F=0.145584
2026-09-05T21:33:05Z A generation 90: F=0.181148
2026-09-05T21:33:12Z A generation 100: F=0.324579
2026-09-05T21:33:12Z A: gate1=0/100, selected=0
2026-09-05T21:33:12Z Trial 159/500: maximal
2026-09-05T21:33:19Z A generation 10: F=0.040062
2026-09-05T21:33:25Z A generation 20: F=0.088558
2026-09-05T21:33:32Z A generation 30: F=0.088558
2026-09-05T21:33:38Z A generation 40: F=0.097842
2026-09-05T21:33:45Z A generation 50: F=0.113797
2026-09-05T21:33:51Z A generation 60: F=0.113797
2026-09-05T21:33:58Z A generation 70: F=0.149495
2026-09-05T21:34:04Z A generation 80: F=0.212097
2026-09-05T21:34:11Z A generation 90: F=0.212097
2026-09-05T21:34:17Z A generation 100: F=0.212097
2026-09-05T21:34:17Z A: gate1=0/100, selected=0
2026-09-05T21:34:17Z Trial 160/500: maximal
2026-09-05T21:34:24Z A generation 10: F=0.052978
2026-09-05T21:34:31Z A generation 20: F=0.100406
2026-09-05T21:34:38Z A generation 30: F=0.100406
2026-09-05T21:34:44Z A generation 40: F=0.112977
2026-09-05T21:34:51Z A generation 50: F=0.115505
2026-09-05T21:34:57Z A generation 60: F=0.115505
2026-09-05T21:35:04Z A generation 70: F=0.115505
2026-09-05T21:35:10Z A generation 80: F=0.115505
2026-09-05T21:35:16Z A generation 90: F=0.115505
2026-09-05T21:35:23Z A generation 100: F=0.115505
2026-09-05T21:35:23Z A: gate1=0/100, selected=0
2026-09-05T21:35:23Z Trial 161/500: maximal
2026-09-05T21:35:30Z A generation 10: F=0.061843
2026-09-05T21:35:37Z A generation 20: F=0.102257
2026-09-05T21:35:43Z A generation 30: F=0.102257
2026-09-05T21:35:49Z A generation 40: F=0.102257
2026-09-05T21:35:56Z A generation 50: F=0.135468
2026-09-05T21:36:02Z A generation 60: F=0.135468
2026-09-05T21:36:08Z A generation 70: F=0.135468
2026-09-05T21:36:15Z A generation 80: F=0.135468
2026-09-05T21:36:21Z A generation 90: F=0.135468
2026-09-05T21:36:27Z A generation 100: F=0.135468
2026-09-05T21:36:27Z A: gate1=0/100, selected=0
2026-09-05T21:36:27Z Trial 162/500: maximal
2026-09-05T21:36:35Z A generation 10: F=0.044702
2026-09-05T21:36:41Z A generation 20: F=0.067549
2026-09-05T21:36:47Z A generation 30: F=0.089690
2026-09-05T21:36:54Z A generation 40: F=0.089690
2026-09-05T21:37:00Z A generation 50: F=0.160213
2026-09-05T21:37:06Z A generation 60: F=0.160213
2026-09-05T21:37:12Z A generation 70: F=0.160213
2026-09-05T21:37:18Z A generation 80: F=0.160213
2026-09-05T21:37:25Z A generation 90: F=0.160213
2026-09-05T21:37:31Z A generation 100: F=0.229648
2026-09-05T21:37:31Z A: gate1=0/100, selected=0
2026-09-05T21:37:31Z Trial 163/500: maximal
2026-09-05T21:37:38Z A generation 10: F=0.046963
2026-09-05T21:37:44Z A generation 20: F=0.072511
2026-09-05T21:37:51Z A generation 30: F=0.091039
2026-09-05T21:37:57Z A generation 40: F=0.109115
2026-09-05T21:38:03Z A generation 50: F=0.109115
2026-09-05T21:38:10Z A generation 60: F=0.109824
2026-09-05T21:38:16Z A generation 70: F=0.140671
2026-09-05T21:38:23Z A generation 80: F=0.159186
2026-09-05T21:38:29Z A generation 90: F=0.159186
2026-09-05T21:38:36Z A generation 100: F=0.214223
2026-09-05T21:38:36Z A: gate1=0/100, selected=0
2026-09-05T21:38:36Z Trial 164/500: maximal
2026-09-05T21:38:43Z A generation 10: F=0.097628
2026-09-05T21:38:49Z A generation 20: F=0.097628
2026-09-05T21:38:55Z A generation 30: F=0.110198
2026-09-05T21:39:01Z A generation 40: F=0.116115
2026-09-05T21:39:08Z A generation 50: F=0.156141
2026-09-05T21:39:14Z A generation 60: F=0.156141
2026-09-05T21:39:20Z A generation 70: F=0.156141
2026-09-05T21:39:27Z A generation 80: F=0.156141
2026-09-05T21:39:33Z A generation 90: F=0.156141
2026-09-05T21:39:40Z A generation 100: F=0.156141
2026-09-05T21:39:40Z A: gate1=0/100, selected=0
2026-09-05T21:39:40Z Trial 165/500: maximal
2026-09-05T21:39:47Z A generation 10: F=0.090215
2026-09-05T21:39:53Z A generation 20: F=0.129898
2026-09-05T21:40:00Z A generation 30: F=0.143732
2026-09-05T21:40:06Z A generation 40: F=0.143732
2026-09-05T21:40:13Z A generation 50: F=0.286419
2026-09-05T21:40:19Z A generation 60: F=0.286419
2026-09-05T21:40:26Z A generation 70: F=0.286419
2026-09-05T21:40:32Z A generation 80: F=0.286419
2026-09-05T21:40:39Z A generation 90: F=0.286419
2026-09-05T21:40:45Z A generation 100: F=0.286419
2026-09-05T21:40:45Z A: gate1=0/100, selected=0
2026-09-05T21:40:45Z Trial 166/500: maximal
2026-09-05T21:40:52Z A generation 10: F=0.044999
2026-09-05T21:40:59Z A generation 20: F=0.065133
2026-09-05T21:41:05Z A generation 30: F=0.103007
2026-09-05T21:41:12Z A generation 40: F=0.103007
2026-09-05T21:41:18Z A generation 50: F=0.103007
2026-09-05T21:41:24Z A generation 60: F=0.108190
2026-09-05T21:41:31Z A generation 70: F=0.120477
2026-09-05T21:41:37Z A generation 80: F=0.120477
2026-09-05T21:41:43Z A generation 90: F=0.120477
2026-09-05T21:41:50Z A generation 100: F=0.120477
2026-09-05T21:41:50Z A: gate1=0/100, selected=0
2026-09-05T21:41:50Z Trial 167/500: maximal
2026-09-05T21:41:57Z A generation 10: F=0.045166
2026-09-05T21:42:03Z A generation 20: F=0.049886
2026-09-05T21:42:09Z A generation 30: F=0.049886
2026-09-05T21:42:15Z A generation 40: F=0.064685
2026-09-05T21:42:22Z A generation 50: F=0.158530
2026-09-05T21:42:28Z A generation 60: F=0.158530
2026-09-05T21:42:34Z A generation 70: F=0.158530
2026-09-05T21:42:40Z A generation 80: F=0.184886
2026-09-05T21:42:47Z A generation 90: F=0.184886
2026-09-05T21:42:53Z A generation 100: F=0.184886
2026-09-05T21:42:53Z A: gate1=2/100, selected=1
2026-09-05T21:43:05Z B: F=0.191120, gate2=False
2026-09-05T21:43:05Z Trial 168/500: maximal
2026-09-05T21:43:12Z A generation 10: F=0.059924
2026-09-05T21:43:19Z A generation 20: F=0.059924
2026-09-05T21:43:25Z A generation 30: F=0.087797
2026-09-05T21:43:32Z A generation 40: F=0.087797
2026-09-05T21:43:38Z A generation 50: F=0.088312
2026-09-05T21:43:45Z A generation 60: F=0.088312
2026-09-05T21:43:51Z A generation 70: F=0.188410
2026-09-05T21:43:58Z A generation 80: F=0.188469
2026-09-05T21:44:04Z A generation 90: F=0.234614
2026-09-05T21:44:10Z A generation 100: F=0.234614
2026-09-05T21:44:10Z A: gate1=2/100, selected=1
2026-09-05T21:44:24Z B: F=0.327428, gate2=False
2026-09-05T21:44:24Z Trial 169/500: maximal
2026-09-05T21:44:31Z A generation 10: F=0.061677
2026-09-05T21:44:38Z A generation 20: F=0.071969
2026-09-05T21:44:44Z A generation 30: F=0.126499
2026-09-05T21:44:51Z A generation 40: F=0.126499
2026-09-05T21:44:57Z A generation 50: F=0.126499
2026-09-05T21:45:03Z A generation 60: F=0.126499
2026-09-05T21:45:09Z A generation 70: F=0.151587
2026-09-05T21:45:16Z A generation 80: F=0.151587
2026-09-05T21:45:22Z A generation 90: F=0.151587
2026-09-05T21:45:28Z A generation 100: F=0.151587
2026-09-05T21:45:28Z A: gate1=0/100, selected=0
2026-09-05T21:45:28Z Trial 170/500: maximal
2026-09-05T21:45:35Z A generation 10: F=0.058745
2026-09-05T21:45:42Z A generation 20: F=0.084999
2026-09-05T21:45:48Z A generation 30: F=0.084999
2026-09-05T21:45:55Z A generation 40: F=0.094707
2026-09-05T21:46:01Z A generation 50: F=0.285375
2026-09-05T21:46:08Z A generation 60: F=0.289122
2026-09-05T21:46:14Z A generation 70: F=0.353819
2026-09-05T21:46:21Z A generation 80: F=0.353819
2026-09-05T21:46:27Z A generation 90: F=0.353819
2026-09-05T21:46:34Z A generation 100: F=0.376072
2026-09-05T21:46:34Z A: gate1=2/100, selected=2
2026-09-05T21:46:48Z B: F=0.394015, gate2=False
2026-09-05T21:47:01Z B: F=0.375324, gate2=False
2026-09-05T21:47:01Z Trial 171/500: maximal
2026-09-05T21:47:08Z A generation 10: F=0.033806
2026-09-05T21:47:15Z A generation 20: F=0.054412
2026-09-05T21:47:21Z A generation 30: F=0.063564
2026-09-05T21:47:28Z A generation 40: F=0.070119
2026-09-05T21:47:34Z A generation 50: F=0.276903
2026-09-05T21:47:41Z A generation 60: F=0.276903
2026-09-05T21:47:47Z A generation 70: F=0.276903
2026-09-05T21:47:54Z A generation 80: F=0.311930
2026-09-05T21:48:01Z A generation 90: F=0.311930
2026-09-05T21:48:07Z A generation 100: F=0.457378
2026-09-05T21:48:07Z A: gate1=3/100, selected=2
2026-09-05T21:48:21Z B: F=0.595630, gate2=True
2026-09-05T21:50:38Z C: root=3.182e-04, gate3=True
2026-09-05T21:50:38Z found: runs/maximal_20260905T183600189454Z, evaluations=1684866
